PLAYER_NAME;MIN;FGM;FGA;FG3M;FG3A;FTM;FTA;OREB;DREB;REB;AST;TOV;STL;BLK;BLKA;PF;PFD;PTS;DD2;TD3;PACE;PIE;POSS
AJ Green;21.2;2.7;5.65;2.43;5.13;0.22;0.26;0.17;2.0;2.17;0.96;0.65;0.52;0.09;0.0;1.96;0.52;8.04;0.0;0.0;99.61;0.07;43.61
AJ Johnson;2.14;0.6;1.2;0.2;0.2;0.0;0.0;0.0;0.4;0.4;0.2;0.4;0.0;0.0;0.2;0.0;0.0;1.4;0.0;0.0;119.82;1.58;5.6
Aaron Gordon;29.66;4.91;9.27;1.45;3.09;3.0;3.82;1.91;4.09;6.0;3.55;1.55;0.55;0.27;0.64;1.55;3.18;14.27;0.18;0.0;105.28;0.1;63.73
Aaron Holiday;9.68;1.4;3.0;1.0;2.27;0.47;0.6;0.0;1.0;1.0;1.33;0.33;0.13;0.07;0.0;0.47;0.6;4.27;0.0;0.0;109.5;0.14;21.4
Aaron Nesmith;22.7;3.17;6.0;1.0;1.83;1.83;2.17;0.67;3.33;4.0;1.0;0.83;0.67;0.33;0.5;4.0;2.0;9.17;0.0;0.0;99.49;0.07;46.67
Aaron Wiggins;20.36;3.62;8.04;1.46;3.71;0.5;0.62;1.0;2.54;3.54;1.54;0.88;0.92;0.29;0.67;1.25;0.67;9.21;0.0;0.0;101.23;0.11;42.67
Adam Flagler;3.64;0.45;1.82;0.45;1.73;0.0;0.0;0.18;0.36;0.55;0.0;0.0;0.18;0.0;0.0;0.36;0.0;1.36;0.0;0.0;93.86;0.0;7.27
Adama Sanogo;4.58;1.0;1.67;0.0;0.0;0.0;0.0;0.67;0.0;0.67;0.33;0.33;0.0;0.0;0.33;0.33;0.33;2.0;0.0;0.0;105.34;0.05;10.67
Adem Bona;6.46;0.57;0.93;0.0;0.0;0.36;0.43;0.57;1.14;1.71;0.0;0.43;0.0;0.43;0.21;1.07;0.36;1.5;0.0;0.0;112.66;0.22;13.57
Ajay Mitchell;15.96;2.29;4.79;0.54;1.29;0.5;0.62;0.42;1.08;1.5;1.71;0.79;0.88;0.08;0.38;1.79;1.42;5.62;0.0;0.0;100.72;0.04;33.42
Al Horford;28.46;3.5;7.44;2.28;5.5;0.33;0.33;0.89;4.39;5.28;2.39;1.06;0.78;0.94;0.06;1.67;0.5;9.61;0.06;0.0;99.72;0.09;59.0
Alec Burks;15.07;1.75;3.83;1.25;2.67;0.5;0.67;0.33;1.58;1.92;1.33;0.17;0.5;0.25;0.0;0.42;0.58;5.25;0.0;0.0;99.68;0.09;31.25
Alex Caruso;20.01;2.31;5.88;0.88;3.19;0.31;0.44;0.62;2.38;3.0;2.31;0.81;1.88;0.62;0.44;2.25;1.06;5.81;0.0;0.0;103.93;0.1;43.25
Alex Ducas;1.82;0.0;0.75;0.0;0.5;0.0;0.0;0.0;0.0;0.0;0.0;0.0;0.0;0.0;0.0;0.0;0.0;0.0;0.0;0.0;102.97;-0.13;4.0
Alex Len;7.16;0.67;1.22;0.0;0.22;0.11;0.22;0.44;1.39;1.83;0.83;0.33;0.17;0.61;0.11;0.83;0.44;1.44;0.0;0.0;195.04;0.07;15.22
Alex Reese;1.88;1.0;1.0;0.0;0.0;0.0;0.0;1.0;0.0;1.0;0.0;0.0;0.0;0.0;0.0;0.0;0.0;2.0;0.0;0.0;89.2;0.56;4.0
Alexandre Sarr;26.82;4.0;10.45;1.1;4.4;1.45;2.2;2.1;4.2;6.3;2.0;1.4;0.75;1.85;0.55;2.7;1.5;10.55;0.1;0.0;105.45;0.07;58.75
Alondes Williams;3.72;2.0;2.0;1.0;1.0;0.0;0.0;0.0;0.0;0.0;1.0;0.0;0.0;0.0;0.0;0.0;0.0;5.0;0.0;0.0;90.4;0.4;7.0
Alperen Sengun;31.03;7.28;15.28;0.36;1.48;3.92;5.08;3.4;7.2;10.6;5.32;2.24;1.2;1.04;1.4;2.64;5.52;18.84;0.68;0.12;99.07;0.17;64.2
Amen Thompson;26.99;4.44;8.04;0.36;1.2;2.6;3.72;2.24;4.72;6.96;2.04;1.72;1.12;0.96;0.52;2.36;2.56;11.84;0.2;0.0;102.19;0.12;56.76
Amir Coffey;24.0;3.58;7.38;1.67;3.88;1.38;1.62;0.62;1.96;2.58;1.29;0.71;0.58;0.04;0.29;1.42;1.17;10.21;0.0;0.0;99.04;0.09;49.25
Andre Drummond;20.0;3.11;6.0;0.05;0.32;1.53;2.68;2.95;5.32;8.26;0.53;1.74;1.37;0.42;0.79;2.47;2.21;7.79;0.16;0.0;98.93;0.31;41.0
Andre Jackson Jr.;17.7;1.39;3.43;0.65;1.78;0.17;0.35;0.7;2.22;2.91;1.3;1.35;0.74;0.3;0.17;2.52;0.52;3.61;0.0;0.0;103.66;0.02;37.04
Andrew Nembhard;24.77;3.09;7.09;0.64;2.09;1.27;1.45;0.18;2.18;2.36;4.36;1.55;1.09;0.0;0.36;1.91;1.45;8.09;0.0;0.0;103.82;0.08;52.64
Andrew Wiggins;28.62;5.8;12.6;2.2;5.15;3.35;4.35;1.55;2.85;4.4;2.35;1.15;0.95;0.7;1.2;1.8;3.1;17.15;0.05;0.0;103.5;0.11;61.6
Anfernee Simons;30.27;5.81;14.48;2.38;7.38;2.48;2.76;0.29;2.29;2.57;4.43;2.43;0.81;0.1;1.14;1.9;2.14;16.48;0.0;0.0;99.87;0.08;62.43
Anthony Black;24.26;2.96;7.04;0.59;2.41;1.78;2.52;0.56;2.3;2.85;3.81;2.33;0.96;0.81;0.52;2.11;2.33;8.3;0.0;0.0;99.21;0.07;49.96
Anthony Davis;35.33;9.87;18.65;0.7;2.17;7.04;8.83;2.48;8.74;11.22;3.48;2.0;1.26;2.0;0.91;2.04;6.26;27.48;0.7;0.0;98.61;0.18;72.74
Anthony Edwards;36.37;9.17;20.26;4.48;10.48;3.57;4.39;0.61;4.78;5.39;4.04;3.13;1.39;0.61;0.74;2.0;3.52;26.39;0.04;0.0;97.88;0.14;74.22
Anthony Gill;7.27;0.83;1.56;0.22;0.5;0.56;1.0;0.28;0.94;1.22;0.33;0.22;0.28;0.06;0.17;0.5;0.78;2.44;0.0;0.0;235.27;0.08;16.0
Antonio Reeves;10.31;1.92;4.85;0.62;2.38;0.46;0.54;0.31;0.92;1.23;0.46;0.31;0.38;0.0;0.38;0.54;0.38;4.92;0.0;0.0;108.75;-0.01;21.46
Ariel Hukporti;8.82;0.82;1.27;0.0;0.0;0.27;0.55;0.27;1.55;1.82;0.55;0.82;0.0;0.73;0.18;1.27;0.73;1.91;0.0;0.0;103.41;0.05;19.18
Armel Traore;7.66;0.62;2.25;0.0;0.88;0.25;0.88;0.12;1.62;1.75;0.12;0.25;0.5;0.25;0.12;0.75;0.62;1.5;0.0;0.0;101.16;0.03;16.5
Ausar Thompson;15.28;2.4;5.8;0.6;1.8;0.6;1.4;1.2;1.8;3.0;2.8;1.6;0.4;0.6;0.8;2.2;1.8;6.0;0.0;0.0;108.85;0.09;34.0
Austin Reaves;33.74;5.79;13.16;2.63;7.42;2.53;3.26;0.79;2.74;3.53;4.84;2.26;1.05;0.21;0.32;2.16;4.05;16.74;0.0;0.0;99.57;0.09;70.11
Ayo Dosunmu;29.91;4.88;9.72;1.28;3.96;1.64;2.0;0.64;3.12;3.76;4.56;1.32;0.68;0.48;0.88;2.32;1.68;12.68;0.04;0.04;106.05;0.08;65.84
Bam Adebayo;34.77;6.09;13.86;0.95;2.86;2.86;3.95;2.59;7.5;10.09;5.18;1.91;1.55;0.77;0.77;2.05;3.91;16.0;0.59;0.05;97.25;0.13;70.5
Baylor Scheierman;6.79;0.2;2.0;0.0;1.2;0.4;0.4;0.4;1.0;1.4;0.4;0.0;0.2;0.0;0.2;0.6;0.2;0.8;0.0;0.0;102.54;0.02;14.4
Ben Sheppard;20.89;2.15;5.08;1.46;3.62;0.0;0.0;0.38;1.85;2.23;1.31;0.38;0.38;0.31;0.38;2.54;0.54;5.77;0.0;0.0;102.32;0.04;44.23
Ben Simmons;23.63;2.5;4.11;0.0;0.0;0.22;0.44;1.0;4.67;5.67;6.39;2.44;0.83;0.61;0.06;2.67;1.33;5.22;0.0;0.0;97.93;0.11;48.11
Bennedict Mathurin;32.73;5.88;12.48;1.56;4.0;4.44;5.24;1.24;5.08;6.32;1.72;2.12;0.68;0.32;0.96;2.48;3.48;17.76;0.2;0.0;100.7;0.09;68.84
Bilal Coulibaly;34.56;4.19;9.67;0.86;3.24;2.57;3.29;1.57;3.81;5.38;3.1;1.9;1.52;0.71;0.81;2.57;2.38;11.81;0.0;0.0;104.63;0.07;75.05
Blake Wesley;11.17;1.53;3.47;0.21;1.05;0.68;1.0;0.26;0.53;0.79;1.47;1.05;0.42;0.05;0.26;0.58;0.89;3.95;0.0;0.0;102.08;0.0;23.42
Bobby Portis;24.15;5.52;11.57;1.26;3.3;0.91;1.26;1.83;5.78;7.61;1.65;1.22;0.57;0.61;0.61;1.48;1.3;13.22;0.13;0.0;98.85;0.13;49.83
Bogdan Bogdanović;25.19;4.09;10.18;2.27;6.82;1.45;1.55;0.73;2.82;3.55;2.09;1.73;1.0;0.36;0.18;2.73;1.45;11.91;0.0;0.0;106.0;0.06;56.27
Bol Bol;5.33;1.29;2.14;0.14;0.71;0.57;0.86;0.57;1.0;1.57;0.14;0.43;0.0;0.0;0.0;0.14;0.57;3.29;0.0;0.0;103.72;0.13;11.43
Bones Hyland;10.36;2.3;5.9;1.8;4.1;1.3;1.5;0.3;1.0;1.3;1.0;1.1;0.7;0.2;0.3;1.3;1.0;7.7;0.0;0.0;101.23;0.11;21.3
Bradley Beal;33.44;6.8;13.8;2.07;5.73;2.13;2.67;0.67;3.53;4.2;3.27;2.27;1.13;0.73;0.47;2.93;2.47;17.8;0.0;0.0;100.19;0.09;70.07
Branden Carlson;3.56;0.2;1.4;0.0;1.0;0.4;0.4;0.6;1.0;1.6;0.4;0.0;0.2;0.2;0.0;0.2;0.2;0.8;0.0;0.0;103.97;0.3;7.2
Brandin Podziemski;24.87;3.04;8.0;0.91;3.7;0.91;1.22;1.04;3.74;4.78;3.43;1.26;0.83;0.3;0.43;1.74;1.87;7.91;0.0;0.0;101.54;0.08;52.48
Brandon Boston;27.62;4.55;10.32;1.32;4.05;1.73;2.05;0.68;3.0;3.68;3.36;1.55;1.5;0.23;0.59;1.82;1.68;12.14;0.0;0.0;100.13;0.1;56.91
Brandon Clarke;18.52;3.42;5.58;0.04;0.67;0.5;0.79;1.58;3.29;4.88;1.0;0.42;0.83;0.42;0.29;2.0;0.92;7.38;0.0;0.0;106.14;0.1;40.5
Brandon Ingram;33.06;8.61;18.5;2.39;6.39;2.61;3.06;0.94;4.61;5.56;5.17;3.83;0.89;0.61;1.17;2.5;3.67;22.22;0.0;0.0;97.47;0.12;67.17
Brandon Miller;34.38;7.65;18.8;4.0;10.95;2.75;3.05;1.05;4.15;5.2;3.45;2.75;1.15;0.75;0.85;2.8;2.8;22.05;0.1;0.0;97.65;0.11;70.0
Brandon Williams;4.26;0.4;1.8;0.0;0.4;0.4;0.6;0.2;0.6;0.8;0.4;0.4;0.0;0.0;0.4;0.4;0.4;1.2;0.0;0.0;112.12;-0.25;9.6
Brice Sensabaugh;16.63;2.88;6.24;1.65;3.94;0.71;0.76;0.65;1.53;2.18;1.0;1.47;0.59;0.06;0.29;0.94;0.47;8.12;0.0;0.0;103.2;0.1;35.59
Bronny James;2.63;0.14;1.14;0.0;0.57;0.29;0.29;0.14;0.0;0.14;0.29;0.0;0.14;0.14;0.14;0.29;0.29;0.57;0.0;0.0;140.31;-0.05;5.86
Brook Lopez;32.65;4.12;8.88;1.79;5.04;1.0;1.42;1.25;3.75;5.0;1.58;1.17;1.08;2.12;0.12;2.5;1.54;11.04;0.04;0.0;99.7;0.07;67.92
Bruno Fernando;9.37;1.67;3.13;0.0;0.0;0.4;0.53;1.4;1.93;3.33;1.2;0.93;0.2;0.6;0.4;1.73;0.67;3.73;0.0;0.0;97.61;0.04;19.53
Bryce McGowens;2.63;1.0;2.0;0.0;1.0;0.0;0.0;0.0;0.0;0.0;1.0;0.0;0.0;0.0;0.0;0.0;0.0;2.0;0.0;0.0;100.25;0.19;5.0
Buddy Hield;23.93;5.12;11.25;3.25;7.62;1.0;1.08;0.62;2.92;3.54;1.42;1.21;0.88;0.33;0.58;2.04;0.79;14.5;0.0;0.0;102.12;0.12;50.79
CJ McCollum;33.49;8.0;18.42;2.67;8.5;1.67;2.67;0.75;3.08;3.83;3.92;1.5;1.33;0.5;0.92;2.25;2.33;20.33;0.0;0.0;102.63;0.09;71.42
Cade Cunningham;35.88;8.95;19.67;2.52;6.43;3.48;4.43;1.14;6.14;7.29;9.38;4.67;0.9;0.76;1.38;2.71;3.33;23.9;0.57;0.24;99.7;0.14;74.52
Caleb Houstan;5.49;0.41;1.41;0.29;1.18;0.12;0.12;0.12;0.41;0.53;0.06;0.06;0.0;0.12;0.06;0.35;0.12;1.24;0.0;0.0;107.19;-0.25;11.71
Caleb Martin;29.1;3.0;7.4;0.75;2.55;1.95;2.9;1.35;3.25;4.6;2.25;1.8;0.95;0.45;0.3;1.65;2.35;8.7;0.05;0.0;97.6;0.06;59.35
Cam Christie;17.78;2.0;7.0;1.0;4.0;0.0;0.0;1.0;2.0;3.0;0.0;1.0;2.0;0.0;1.0;0.0;1.0;5.0;0.0;0.0;105.27;0.08;39.0
Cam Reddish;19.96;1.18;2.41;0.59;1.35;0.53;0.82;0.35;1.65;2.0;0.76;0.41;1.06;0.35;0.18;1.59;0.59;3.47;0.0;0.0;101.78;0.03;42.29
Cam Spencer;15.31;1.67;3.33;0.67;1.67;1.33;1.33;0.33;1.67;2.0;2.33;0.67;0.33;0.33;0.0;1.67;1.0;5.33;0.0;0.0;105.23;0.06;33.67
Cam Thomas;33.4;8.06;17.47;2.88;7.41;5.71;6.59;0.35;2.88;3.24;3.35;2.82;0.71;0.06;1.35;2.0;4.94;24.71;0.0;0.0;96.46;0.12;66.82
Cam Whitmore;9.86;2.25;6.0;0.12;2.62;1.25;2.0;0.5;0.88;1.38;0.5;0.38;0.12;0.12;0.62;1.12;1.38;5.88;0.0;0.0;103.56;0.04;20.5
Cameron Johnson;32.81;6.26;12.83;3.3;7.61;2.96;3.26;0.78;3.48;4.26;2.87;1.0;0.87;0.48;0.74;1.91;2.48;18.78;0.0;0.0;97.4;0.13;66.52
Cameron Payne;17.48;2.95;6.74;1.68;4.0;0.47;0.58;0.32;1.53;1.84;3.11;0.53;0.63;0.37;0.05;2.16;0.68;8.05;0.0;0.0;100.08;0.08;36.58
Caris LeVert;24.47;4.21;7.84;1.74;3.58;1.68;2.42;0.47;2.42;2.89;4.11;1.32;0.89;0.42;0.42;1.37;1.84;11.84;0.0;0.0;103.27;0.11;52.53
Carlton Carrington;28.62;3.41;8.73;1.5;4.59;0.91;1.14;0.23;3.77;4.0;4.09;1.95;1.0;0.27;0.41;3.05;1.45;9.23;0.05;0.0;104.82;0.06;62.64
Cason Wallace;26.47;2.88;6.83;1.0;3.33;0.25;0.29;1.33;2.29;3.62;2.21;0.58;1.79;0.71;0.54;2.04;0.5;7.0;0.0;0.0;101.19;0.07;55.38
Charles Bassey;10.54;1.73;3.13;0.0;0.0;0.73;1.4;1.47;2.4;3.87;0.53;0.67;0.4;1.27;0.27;1.4;1.0;4.2;0.07;0.0;111.29;0.28;23.4
Chet Holmgren;26.48;5.6;11.1;1.4;3.7;3.8;4.9;1.6;7.1;8.7;2.0;2.3;0.8;2.6;0.6;1.8;3.2;16.4;0.4;0.0;106.87;0.14;58.2
Chris Boucher;17.93;3.61;7.96;1.04;3.78;1.7;2.22;1.3;3.17;4.48;0.61;0.7;0.52;0.74;0.39;1.22;1.52;9.96;0.0;0.0;99.38;0.11;36.96
Chris Duarte;4.13;0.75;1.5;0.42;1.0;0.5;0.67;0.33;0.83;1.17;0.33;0.08;0.0;0.0;0.08;0.42;0.5;2.42;0.0;0.0;121.68;0.33;9.92
Chris Livingston;2.0;0.33;0.67;0.0;0.0;0.0;0.0;0.33;0.33;0.67;0.33;0.33;0.33;0.0;0.0;0.0;0.0;0.67;0.0;0.0;122.61;1.25;4.67
Chris Paul;28.89;3.46;8.08;1.83;5.21;1.46;1.46;0.58;3.46;4.04;8.54;1.79;1.42;0.21;0.08;1.88;1.25;10.21;0.38;0.0;100.26;0.12;60.54
Christian Braun;35.17;5.77;10.14;1.14;2.64;2.68;3.45;1.18;3.86;5.05;1.86;1.45;1.27;0.73;0.68;2.32;2.23;15.36;0.0;0.0;102.59;0.09;75.18
Christian Koloko;9.85;1.0;1.57;0.0;0.14;0.14;0.14;0.93;1.29;2.21;0.29;0.36;0.29;0.29;0.21;1.21;0.5;2.14;0.0;0.0;103.76;0.07;21.07
Clint Capela;22.8;4.54;7.77;0.0;0.0;1.12;2.0;3.73;5.73;9.46;1.35;0.73;0.62;0.92;0.92;2.0;2.04;10.19;0.23;0.0;105.88;0.13;50.31
Coby White;32.65;6.04;14.26;3.3;8.91;2.7;3.09;0.35;3.39;3.74;4.74;2.35;1.09;0.22;0.57;2.43;2.61;18.09;0.0;0.0;106.61;0.08;72.35
Cody Martin;26.19;3.25;7.38;1.21;3.58;0.88;1.33;1.08;3.79;4.88;2.38;1.04;1.08;0.75;0.21;1.92;1.46;8.58;0.0;0.0;100.26;0.1;54.17
Cody Williams;18.68;1.12;4.19;0.44;2.31;0.38;0.62;0.5;1.81;2.31;1.19;0.69;0.44;0.31;0.25;1.25;0.5;3.06;0.0;0.0;102.58;0.01;39.88
Colby Jones;5.19;0.53;1.27;0.27;0.47;0.0;0.0;0.27;0.67;0.93;0.27;0.4;0.27;0.27;0.2;0.47;0.2;1.33;0.0;0.0;110.78;-0.06;10.93
Cole Anthony;11.04;1.79;4.75;0.67;2.08;0.96;1.33;0.33;1.62;1.96;1.83;1.17;0.42;0.12;0.17;1.38;1.33;5.21;0.0;0.0;101.84;0.1;22.96
Cole Swider;6.54;0.0;2.5;0.0;2.5;0.0;0.0;0.0;1.0;1.0;0.5;0.0;0.0;0.0;0.0;0.5;0.0;0.0;0.0;0.0;97.72;-0.06;13.5
Colin Castleton;3.01;0.14;0.57;0.0;0.29;1.14;1.14;0.29;0.71;1.0;0.0;0.0;0.0;0.14;0.0;0.43;0.57;1.43;0.0;0.0;109.88;0.07;6.71
Collin Gillespie;3.44;1.0;2.0;1.0;1.0;0.0;0.0;0.0;0.0;0.0;0.0;0.0;0.0;0.0;0.0;0.0;0.0;3.0;0.0;0.0;104.5;0.21;7.0
Collin Sexton;27.89;5.78;12.04;1.78;4.13;3.43;3.83;0.74;1.78;2.52;3.22;2.39;0.65;0.13;1.09;2.22;3.3;16.78;0.0;0.0;100.28;0.09;58.22
Corey Kispert;27.63;4.0;9.68;1.84;5.89;1.05;1.26;0.37;3.05;3.42;1.47;1.11;0.63;0.16;0.58;1.68;1.16;10.89;0.0;0.0;104.28;0.08;59.95
Cory Joseph;3.53;0.38;1.15;0.38;0.92;0.0;0.0;0.23;0.46;0.69;0.69;0.15;0.15;0.15;0.08;0.23;0.08;1.15;0.0;0.0;113.15;-0.36;7.85
Craig Porter Jr.;9.45;1.12;1.94;0.31;0.69;0.19;0.31;0.06;0.81;0.88;1.38;0.56;0.31;0.38;0.25;0.44;0.25;2.75;0.0;0.0;101.64;0.08;19.31
Cui Yongxi;2.06;0.2;1.4;0.0;0.6;0.2;0.4;0.0;0.4;0.4;0.0;0.0;0.0;0.0;0.2;0.0;0.2;0.6;0.0;0.0;107.32;-0.06;5.2
D'Angelo Russell;27.35;4.61;10.91;2.0;5.83;1.7;1.96;0.3;2.35;2.65;5.13;1.78;0.91;0.13;0.35;1.87;2.04;12.91;0.04;0.0;101.03;0.09;57.74
D.J. Carton;8.35;0.25;1.75;0.0;0.75;0.25;0.25;0.0;1.0;1.0;0.75;1.0;0.5;0.0;0.5;0.25;0.25;0.75;0.0;0.0;110.18;-0.03;19.5
DaQuan Jeffries;20.42;4.33;6.67;2.0;3.33;0.33;0.67;1.0;2.67;3.67;1.0;0.67;0.33;0.33;0.0;1.33;1.0;11.0;0.0;0.0;97.81;0.12;41.33
Daishen Nix;4.41;0.0;0.33;0.0;0.33;0.33;0.67;0.0;1.33;1.33;1.0;1.33;0.0;0.0;0.0;0.33;0.33;0.33;0.0;0.0;111.52;-0.01;10.33
Dalano Banton;17.2;3.68;8.5;1.36;3.55;1.59;2.36;0.32;2.0;2.32;2.64;1.73;0.95;0.59;0.68;1.09;1.91;10.32;0.0;0.0;103.08;0.14;36.18
Dalen Terry;13.46;1.48;2.96;0.4;1.08;0.88;1.12;0.64;0.76;1.4;0.92;0.84;0.6;0.28;0.2;1.4;0.84;4.24;0.0;0.0;106.62;0.09;29.88
Dalton Knecht;24.29;4.12;8.79;2.08;5.33;0.71;0.92;0.62;2.92;3.54;1.17;0.54;0.54;0.04;0.46;1.54;0.79;11.04;0.0;0.0;99.38;0.07;50.42
Damian Lillard;36.32;7.9;17.43;3.38;9.1;6.57;7.14;0.57;3.86;4.43;7.57;3.05;0.95;0.19;0.86;1.86;5.24;25.76;0.29;0.0;99.41;0.15;75.29
Damion Lee;9.37;1.0;3.5;0.25;2.25;1.5;1.5;0.0;1.25;1.25;1.25;0.75;0.5;0.0;0.0;0.25;0.75;3.75;0.0;0.0;104.34;0.19;19.5
Daniel Gafford;20.85;5.29;7.17;0.0;0.0;1.92;2.83;2.71;3.71;6.42;1.25;0.92;0.54;1.25;0.46;2.5;2.5;12.5;0.08;0.0;105.0;0.14;45.62
Daniel Theis;14.26;1.41;3.29;0.24;1.06;0.47;0.59;0.71;2.71;3.41;1.24;0.65;0.29;0.65;0.12;1.53;1.06;3.53;0.0;0.0;101.16;0.07;30.06
Daniss Jenkins;2.48;0.0;1.0;0.0;1.0;0.0;0.0;0.0;0.0;0.0;0.0;0.0;0.0;0.0;0.0;0.5;0.0;0.0;0.0;0.0;89.38;-0.23;4.5
Dario Šarić;13.61;1.2;4.0;0.5;1.9;0.5;0.6;0.9;2.6;3.5;1.1;1.1;0.6;0.0;0.5;1.4;0.9;3.4;0.1;0.0;103.84;-0.01;28.1
Dariq Whitehead;8.71;2.0;3.67;2.0;3.33;0.0;0.0;0.0;1.0;1.0;0.33;1.0;0.67;0.33;0.33;0.33;0.0;6.0;0.0;0.0;117.28;0.01;21.33
Darius Garland;30.34;7.42;15.21;2.88;6.79;2.79;2.96;0.5;1.92;2.42;6.46;2.25;0.96;0.25;0.62;2.54;2.71;20.5;0.12;0.0;101.82;0.12;64.46
David Duke Jr.;8.2;1.0;4.0;0.0;1.0;1.0;2.0;0.0;0.0;0.0;2.0;0.0;0.0;0.0;0.0;1.0;2.0;3.0;0.0;0.0;102.44;0.0;18.0
David Roddy;14.61;1.93;3.43;0.71;1.71;0.79;0.93;0.29;2.57;2.86;1.36;0.93;0.43;0.21;0.07;0.79;0.86;5.36;0.0;0.0;104.96;0.07;31.86
Davion Mitchell;27.44;2.52;6.52;0.88;3.2;0.72;1.12;0.52;1.8;2.32;5.04;1.96;0.88;0.24;0.48;2.88;1.48;6.64;0.04;0.0;101.01;0.04;57.84
Day'Ron Sharpe;14.61;1.33;3.67;0.33;0.67;2.0;2.0;1.33;1.67;3.0;1.0;0.33;1.33;0.33;0.0;1.33;1.33;5.0;0.0;0.0;103.37;0.11;32.33
De'Aaron Fox;37.22;9.8;20.04;2.08;6.28;4.72;5.92;1.12;3.88;5.0;6.04;3.44;1.72;0.24;1.04;2.56;5.0;26.4;0.16;0.0;100.85;0.14;78.08
De'Andre Hunter;27.81;6.47;13.4;2.73;6.13;3.93;4.47;0.6;3.2;3.8;1.2;1.13;0.8;0.13;0.8;2.47;4.07;19.6;0.0;0.0;107.18;0.11;62.27
De'Anthony Melton;20.16;3.67;9.0;2.17;5.83;0.83;1.33;1.0;2.33;3.33;2.83;1.67;1.17;0.33;0.17;3.0;1.17;10.33;0.17;0.0;105.74;0.06;44.17
DeAndre Jordan;9.79;1.2;2.1;0.0;0.0;0.2;0.8;1.1;2.2;3.3;0.8;1.0;0.2;0.2;0.2;1.1;1.0;2.6;0.0;0.0;104.27;0.1;21.5
DeMar DeRozan;35.64;8.3;16.55;0.6;2.15;5.3;6.25;0.5;3.45;3.95;4.1;1.7;1.45;0.55;0.7;1.8;4.4;22.5;0.0;0.0;99.62;0.12;74.1
Dean Wade;22.11;1.82;5.06;1.41;4.29;0.47;1.12;0.65;3.94;4.59;1.47;0.29;1.06;0.35;0.24;1.47;0.94;5.53;0.0;0.0;103.46;0.07;47.76
Deandre Ayton;30.2;6.59;11.88;0.29;1.12;0.76;1.24;2.82;7.18;10.0;1.24;1.82;0.88;0.76;0.41;2.29;1.71;14.24;0.59;0.0;100.14;0.12;62.59
Dejounte Murray;32.47;5.38;16.0;1.5;5.88;3.62;4.25;0.38;6.0;6.38;6.5;3.25;2.25;0.5;0.88;2.62;2.75;15.88;0.25;0.0;103.94;0.1;70.0
Delon Wright;15.97;0.94;2.94;0.5;1.78;0.28;0.56;0.61;1.22;1.83;1.61;0.44;0.72;0.33;0.22;0.61;0.61;2.67;0.0;0.0;101.31;0.04;33.39
Deni Avdija;26.57;3.83;9.25;1.33;3.83;2.79;3.54;1.25;4.58;5.83;3.08;2.0;1.0;0.79;0.71;2.12;2.92;11.79;0.08;0.0;100.9;0.1;55.62
Dennis Schröder;33.9;6.41;14.32;2.5;6.5;3.27;3.68;0.18;2.77;2.95;6.55;2.41;1.14;0.18;1.09;2.45;3.59;18.59;0.18;0.0;98.86;0.11;69.55
Dereck Lively II;23.52;3.55;5.25;0.0;0.0;1.65;2.65;3.1;4.65;7.75;2.4;1.2;0.55;1.6;0.7;2.85;1.75;8.75;0.2;0.0;101.12;0.13;49.2
Derrick Jones Jr.;25.01;3.88;7.76;1.2;2.88;1.08;1.24;1.2;2.16;3.36;0.92;1.08;1.28;0.24;0.56;2.12;1.28;10.04;0.0;0.0;98.27;0.07;51.24
Derrick White;34.63;5.91;13.13;3.57;9.13;1.87;2.17;1.22;3.65;4.87;4.91;1.48;1.0;1.04;0.57;2.26;2.26;17.26;0.04;0.0;99.58;0.11;71.78
Desmond Bane;28.29;5.41;12.47;1.82;5.65;1.82;2.24;0.82;5.18;6.0;4.06;2.35;1.0;0.47;0.88;2.71;1.29;14.47;0.12;0.0;105.26;0.11;62.18
Devin Booker;36.98;7.91;18.3;2.57;7.65;6.52;7.22;1.13;2.7;3.83;6.39;2.43;1.13;0.39;1.04;2.43;5.57;24.91;0.13;0.0;99.96;0.12;77.09
Devin Vassell;23.99;6.0;12.33;2.44;5.78;2.11;2.33;0.33;1.56;1.89;2.78;1.67;1.11;0.44;0.67;2.22;1.56;16.56;0.0;0.0;103.2;0.11;51.67
Dillon Brooks;31.26;4.68;11.04;2.04;5.36;1.2;1.44;1.24;2.48;3.72;1.56;1.0;0.64;0.32;0.6;3.32;1.44;12.6;0.0;0.0;99.28;0.06;64.36
Dillon Jones;8.41;0.9;2.62;0.33;1.57;0.24;0.38;0.76;1.24;2.0;0.71;0.38;0.19;0.05;0.14;0.9;0.33;2.38;0.0;0.0;97.67;-0.01;17.29
Domantas Sabonis;35.84;7.96;12.78;1.04;2.43;3.83;4.7;3.26;9.48;12.74;6.17;3.26;0.7;0.43;0.78;3.48;4.26;20.78;0.91;0.17;99.86;0.17;74.61
Dominick Barlow;5.37;0.0;0.5;0.0;0.0;0.5;1.0;0.0;0.0;0.0;0.0;0.0;0.0;0.0;0.0;0.5;0.5;0.5;0.0;0.0;111.44;-0.07;13.0
Donovan Clingan;17.02;2.35;4.47;0.18;0.53;0.94;1.29;3.18;3.53;6.71;0.29;1.0;0.53;2.18;0.47;2.94;1.41;5.82;0.06;0.0;103.76;0.11;36.82
Donovan Mitchell;31.89;8.5;18.83;3.75;9.12;2.96;3.67;0.58;4.17;4.75;4.38;2.21;1.54;0.33;0.67;2.29;3.5;23.71;0.08;0.0;102.3;0.14;68.0
Donte DiVincenzo;25.16;2.96;8.39;2.13;6.61;0.52;0.7;0.35;2.65;3.0;3.57;1.7;1.26;0.26;0.35;1.61;1.26;8.57;0.0;0.0;100.65;0.07;52.65
Dorian Finney-Smith;29.1;3.75;8.06;2.38;5.5;0.69;1.12;1.69;2.56;4.25;1.75;1.0;0.94;0.5;0.44;3.12;1.19;10.56;0.0;0.0;97.36;0.07;58.88
Doug McDermott;8.14;1.16;2.89;1.0;2.47;0.16;0.26;0.05;0.68;0.74;0.16;0.11;0.11;0.05;0.05;0.84;0.11;3.47;0.0;0.0;98.73;0.03;17.16
Draymond Green;28.58;3.0;6.77;1.36;3.59;1.36;2.23;0.86;5.36;6.23;5.91;2.41;1.05;1.05;0.23;3.36;2.86;8.73;0.09;0.0;101.81;0.09;60.77
Drew Eubanks;13.55;1.8;3.1;0.05;0.15;0.85;1.35;1.2;2.8;4.0;1.2;0.8;0.25;0.7;0.3;1.2;1.2;4.5;0.0;0.0;104.46;0.12;29.7
Drew Peterson;10.31;0.67;2.0;0.67;1.83;0.5;0.67;0.5;1.67;2.17;0.33;0.33;0.33;0.33;0.17;0.83;0.5;2.5;0.0;0.0;113.36;0.04;22.17
Dru Smith;15.56;1.89;3.89;1.0;1.89;0.0;0.0;1.11;2.0;3.11;1.44;1.0;0.89;0.56;0.11;1.56;0.33;4.78;0.0;0.0;100.65;0.09;32.11
Duncan Robinson;22.78;3.95;9.52;2.57;6.62;0.71;0.86;0.38;1.9;2.29;2.24;0.81;0.52;0.14;0.62;2.14;0.81;11.19;0.0;0.0;97.91;0.06;46.48
Duop Reath;6.39;0.77;2.0;0.54;1.46;0.0;0.0;0.46;0.54;1.0;0.23;0.08;0.0;0.15;0.0;0.77;0.0;2.08;0.0;0.0;104.7;-0.03;14.0
Dwight Powell;8.11;0.42;0.53;0.0;0.0;0.89;1.26;0.63;1.16;1.79;0.68;0.26;0.37;0.42;0.05;1.37;1.16;1.74;0.0;0.0;104.42;0.03;17.32
Dyson Daniels;33.81;5.62;12.58;1.21;3.88;1.0;1.54;1.75;3.25;5.0;3.33;1.79;3.04;0.92;0.54;2.75;1.79;13.46;0.04;0.0;105.61;0.08;74.21
E.J. Liddell;5.09;0.83;1.33;0.5;1.0;0.33;0.33;0.17;0.67;0.83;0.5;0.33;0.17;0.17;0.0;1.33;0.17;2.5;0.0;0.0;128.71;0.05;12.33
Elfrid Payton;20.54;3.29;6.57;0.0;0.14;0.14;0.29;0.71;2.71;3.43;6.86;2.86;1.43;0.43;0.57;1.43;0.29;6.71;0.14;0.0;101.9;0.1;43.57
Enrique Freeman;7.4;0.53;1.2;0.07;0.33;0.33;0.6;0.2;0.6;0.8;0.4;0.27;0.13;0.13;0.13;1.0;0.73;1.47;0.0;0.0;111.5;0.14;17.07
Eric Gordon;16.49;1.56;4.81;0.62;2.62;1.06;1.38;0.19;0.75;0.94;1.31;0.81;0.62;0.31;0.56;0.81;1.0;4.81;0.0;0.0;99.36;0.03;34.12
Evan Mobley;30.65;7.04;12.62;0.92;2.29;3.25;4.08;2.25;6.83;9.08;2.67;2.17;1.08;1.54;1.0;2.08;3.42;18.25;0.46;0.0;102.0;0.15;64.92
Franz Wagner;33.16;8.8;18.92;2.04;6.36;4.76;5.4;0.92;4.68;5.6;5.68;2.44;1.72;0.48;1.2;2.32;4.4;24.4;0.08;0.0;97.8;0.17;67.16
Fred VanVleet;35.14;5.52;14.35;2.43;7.7;2.13;2.57;0.57;3.52;4.09;5.91;1.35;1.48;0.43;0.48;2.48;2.3;15.61;0.13;0.0;98.69;0.1;71.96
Gabe Vincent;18.93;1.5;4.29;0.67;2.54;0.17;0.33;0.29;0.79;1.08;0.83;0.46;0.88;0.08;0.17;1.88;0.58;3.83;0.0;0.0;100.56;0.0;39.67
Garrett Temple;3.92;0.25;0.75;0.12;0.25;0.0;0.0;0.12;0.38;0.5;0.62;0.12;0.5;0.12;0.0;0.75;0.0;0.62;0.0;0.0;113.64;0.08;9.0
Garrison Mathews;18.08;2.26;5.21;1.95;4.37;1.37;1.63;0.16;0.95;1.11;1.42;0.53;0.68;0.16;0.11;1.79;1.47;7.84;0.0;0.0;107.57;0.06;39.37
Gary Harris;16.57;1.41;3.53;1.0;2.71;0.24;0.35;0.53;0.82;1.35;0.41;0.41;0.53;0.29;0.06;0.76;0.18;4.06;0.0;0.0;99.84;0.04;34.41
Gary Payton II;13.53;2.12;3.88;0.17;1.12;0.25;0.46;1.17;1.62;2.79;1.21;0.58;0.79;0.38;0.29;1.42;0.58;4.67;0.0;0.0;103.05;0.09;28.67
Gary Trent Jr.;25.95;3.14;7.55;2.05;5.09;0.95;1.05;0.14;1.86;2.0;1.0;0.55;0.91;0.0;0.18;2.27;0.95;9.27;0.0;0.0;98.69;0.04;53.5
Georges Niang;20.58;3.2;6.92;1.64;4.56;0.4;0.52;0.6;3.24;3.84;1.24;1.0;0.36;0.2;0.28;2.24;0.48;8.44;0.0;0.0;101.7;0.07;43.72
Giannis Antetokounmpo;35.09;12.91;21.09;0.14;0.77;6.77;11.09;2.05;9.32;11.36;6.0;3.45;0.59;1.45;1.32;2.41;8.45;32.73;0.82;0.14;100.32;0.21;73.0
Goga Bitadze;23.45;3.73;5.86;0.0;0.5;1.45;1.86;2.86;4.73;7.59;1.95;1.32;0.77;1.55;0.36;2.59;1.73;8.91;0.36;0.0;95.44;0.12;46.41
Gradey Dick;32.46;5.95;14.4;2.5;7.2;3.45;3.8;0.65;2.5;3.15;1.95;1.65;0.9;0.25;0.55;2.0;2.95;17.85;0.0;0.0;100.82;0.07;68.0
Grant Williams;29.94;3.38;7.69;1.69;4.62;1.94;2.31;1.12;4.0;5.12;2.31;1.75;1.12;0.81;0.38;2.88;2.69;10.38;0.0;0.0;100.4;0.07;62.19
Grayson Allen;23.84;3.37;8.0;2.32;6.05;2.0;2.42;0.53;2.37;2.89;1.95;1.21;0.74;0.32;0.32;1.37;1.89;11.05;0.05;0.0;100.75;0.08;50.26
Guerschon Yabusele;24.47;3.64;7.41;1.55;3.91;1.05;1.82;1.82;3.82;5.64;1.95;1.32;0.68;0.45;0.5;2.73;1.68;9.86;0.05;0.0;97.2;0.09;49.59
Gui Santos;3.73;0.33;0.83;0.17;0.5;0.17;0.33;0.17;0.83;1.0;0.33;0.33;0.0;0.0;0.0;0.5;0.33;1.0;0.0;0.0;106.02;-0.07;8.67
Harrison Barnes;28.67;3.58;7.38;1.42;3.29;2.42;2.96;1.62;2.71;4.33;1.67;0.75;0.29;0.21;0.46;0.79;2.17;11.0;0.04;0.0;100.35;0.08;59.88
Harrison Ingram;6.75;0.0;1.0;0.0;0.0;0.0;0.0;0.0;1.0;1.0;0.0;0.0;0.0;0.0;0.0;1.0;0.0;0.0;0.0;0.0;106.67;-0.04;15.0
Haywood Highsmith;25.39;2.65;5.4;1.25;3.0;0.65;0.95;0.8;2.25;3.05;1.15;0.6;1.2;0.8;0.25;2.2;1.1;7.2;0.0;0.0;100.76;0.06;52.3
Herbert Jones;31.34;4.14;8.0;1.0;3.43;1.43;2.14;0.86;2.57;3.43;2.0;1.71;1.86;0.57;0.0;2.86;1.57;10.71;0.0;0.0;101.46;0.06;66.43
Hunter Tyson;9.25;0.86;1.93;0.29;1.14;0.57;0.64;0.43;1.36;1.79;0.5;0.36;0.14;0.21;0.07;1.07;0.43;2.57;0.0;0.0;107.63;0.12;21.0
Immanuel Quickley;22.52;5.33;14.0;2.0;5.33;2.67;3.0;0.33;1.67;2.0;4.0;1.33;0.67;0.0;1.67;2.33;2.33;15.33;0.0;0.0;100.6;0.12;46.67
Isaac Jones;9.77;2.0;2.93;0.07;0.21;0.5;1.07;0.57;1.07;1.64;0.14;0.64;0.07;0.43;0.5;1.5;0.93;4.57;0.0;0.0;102.96;-0.27;21.07
Isaac Okoro;20.89;2.14;4.48;1.19;2.57;0.52;0.81;0.9;1.43;2.33;1.81;0.33;0.71;0.43;0.48;2.05;0.9;6.0;0.0;0.0;102.46;0.05;44.1
Isaiah Collier;17.4;1.38;4.44;0.25;1.69;0.5;1.12;0.06;1.62;1.69;3.31;2.38;0.94;0.12;0.5;1.81;1.06;3.5;0.0;0.0;102.96;0.01;37.38
Isaiah Crawford;5.23;0.0;0.0;0.0;0.0;0.0;0.0;0.0;1.0;1.0;0.0;0.0;0.0;0.0;0.0;1.0;0.0;0.0;0.0;0.0;96.31;0.0;11.0
Isaiah Hartenstein;29.7;5.11;9.22;0.0;0.44;1.33;2.33;3.33;9.44;12.78;4.33;2.11;0.78;1.22;0.67;3.33;1.67;11.56;0.78;0.0;101.59;0.15;62.67
Isaiah Jackson;16.78;2.8;4.6;0.0;0.0;1.4;2.8;2.2;3.4;5.6;1.0;1.0;0.6;1.6;0.4;2.8;1.4;7.0;0.0;0.0;105.33;0.1;36.8
Isaiah Joe;21.51;3.18;7.73;2.36;6.18;0.32;0.45;0.55;2.23;2.77;1.73;0.45;0.68;0.23;0.27;1.77;1.41;9.05;0.0;0.0;103.53;0.08;46.23
Isaiah Stewart;21.78;2.44;4.4;0.2;0.8;1.16;1.32;2.32;3.8;6.12;1.88;1.12;0.52;1.32;0.16;2.92;1.28;6.24;0.08;0.0;100.25;0.09;45.4
Isaiah Wong;14.4;2.5;5.5;0.5;1.0;3.5;4.0;1.5;1.0;2.5;2.0;1.5;1.0;0.0;2.0;2.5;2.5;9.0;0.0;0.0;101.8;0.18;31.0
Ivica Zubac;32.43;6.6;10.96;0.0;0.0;1.56;2.92;3.96;8.2;12.16;2.32;2.0;0.52;1.04;0.8;2.08;3.4;14.76;0.6;0.0;98.39;0.14;66.4
JD Davison;4.27;0.25;1.0;0.0;0.5;0.25;0.5;0.0;0.5;0.5;0.25;1.0;0.25;0.0;0.0;0.25;0.5;0.75;0.0;0.0;99.69;0.46;9.0
JT Thor;5.34;2.33;2.33;1.0;1.0;0.67;0.67;0.0;0.67;0.67;0.0;0.67;0.67;0.67;0.0;0.67;0.33;6.33;0.0;0.0;105.69;0.39;11.0
Ja Morant;28.17;7.29;15.93;1.36;4.5;5.79;6.79;0.57;3.79;4.36;8.5;3.71;1.0;0.36;0.86;1.71;5.79;21.71;0.43;0.07;105.76;0.16;62.0
Ja'Kobe Walter;18.29;2.73;7.64;0.73;3.64;0.82;1.18;0.91;2.36;3.27;1.55;1.0;0.55;0.18;0.73;2.0;1.18;7.0;0.09;0.0;103.49;0.04;39.09
Jabari Smith Jr.;30.3;4.12;9.44;1.72;4.88;1.68;1.96;1.72;5.08;6.8;0.88;0.64;0.28;0.96;0.6;2.48;2.16;11.64;0.16;0.0;99.41;0.08;62.6
Jabari Walker;10.75;1.16;3.11;0.11;0.89;0.58;0.68;0.95;2.11;3.05;0.68;0.68;0.32;0.16;0.58;1.16;0.95;3.0;0.0;0.0;104.38;0.23;23.58
Jack McVeigh;3.57;0.5;1.83;0.33;1.33;0.0;0.0;0.17;0.5;0.67;0.17;0.17;0.0;0.17;0.0;0.17;0.0;1.33;0.0;0.0;115.34;0.36;8.67
Jacob Toppin;2.99;0.14;0.43;0.0;0.29;0.0;0.0;0.0;0.43;0.43;0.29;0.14;0.0;0.0;0.0;0.0;0.0;0.29;0.0;0.0;106.96;0.07;6.57
Jaden Hardy;14.56;2.36;6.05;0.82;2.68;1.0;1.14;0.18;1.18;1.36;1.23;1.41;0.64;0.05;0.41;1.36;0.86;6.55;0.0;0.0;104.22;0.01;31.5
Jaden Ivey;30.49;6.25;14.04;1.88;4.96;3.21;4.42;1.33;2.83;4.17;4.25;3.12;0.96;0.42;1.0;2.5;3.5;17.58;0.0;0.0;99.78;0.09;63.25
Jaden McDaniels;30.04;3.96;9.0;1.17;3.83;0.78;1.13;1.17;2.52;3.7;1.83;1.04;1.13;0.74;0.52;3.13;1.48;9.87;0.0;0.0;97.38;0.05;60.83
Jaden Springer;3.43;0.29;1.0;0.0;0.29;0.29;0.57;0.43;0.43;0.86;0.43;0.14;0.43;0.0;0.0;0.43;0.57;0.86;0.0;0.0;184.66;-0.01;7.57
Jae Crowder;16.75;1.2;3.4;0.6;2.4;1.0;1.2;1.0;2.0;3.0;0.8;0.6;0.6;0.0;0.2;1.8;0.4;4.0;0.0;0.0;101.24;0.04;34.8
Jae'Sean Tate;5.89;0.9;1.6;0.0;0.2;0.6;0.9;0.4;1.8;2.2;0.6;0.6;0.5;0.0;0.0;1.0;0.7;2.4;0.0;0.0;114.94;0.12;13.5
Jaime Jaquez Jr.;21.46;3.22;7.78;0.56;2.0;1.72;2.44;1.44;3.67;5.11;2.33;1.5;1.06;0.11;1.11;1.44;1.61;8.72;0.06;0.0;98.6;0.1;44.22
Jake LaRavia;23.36;3.04;6.04;0.88;2.24;1.64;2.36;1.44;3.24;4.68;3.52;1.4;0.88;0.68;0.64;2.32;1.84;8.6;0.04;0.0;105.59;0.09;51.56
Jakob Poeltl;32.76;6.75;11.38;0.0;0.04;2.42;3.54;4.12;7.46;11.58;2.75;2.25;1.12;1.29;0.88;3.75;3.17;15.92;0.58;0.0;101.37;0.12;69.0
Jalen Bridges;5.48;0.0;1.0;0.0;1.0;0.5;1.0;0.0;0.5;0.5;0.0;1.0;0.0;0.0;0.0;0.0;0.5;0.5;0.0;0.0;96.1;-0.07;11.0
Jalen Brunson;34.29;8.44;17.2;2.64;6.16;5.2;6.32;0.44;2.52;2.96;7.8;2.36;0.64;0.08;0.84;2.24;5.68;24.72;0.28;0.0;97.08;0.14;69.52
Jalen Duren;23.92;3.61;5.3;0.0;0.0;1.65;2.87;3.04;5.87;8.91;2.35;1.96;0.39;1.26;0.65;3.17;2.52;8.87;0.35;0.0;98.84;0.1;49.17
Jalen Green;32.52;6.44;16.24;2.48;7.72;3.88;4.44;0.52;4.16;4.68;2.64;2.72;1.16;0.28;1.36;1.68;2.92;19.24;0.04;0.0;100.0;0.1;67.52
Jalen Hood-Schifino;7.07;0.5;0.5;0.0;0.0;1.0;1.0;0.5;0.0;0.5;0.5;0.5;0.0;0.5;0.0;1.5;1.0;2.0;0.0;0.0;110.33;0.02;16.5
Jalen Johnson;36.54;7.88;15.67;1.58;4.54;2.5;3.33;1.75;8.38;10.12;5.58;3.33;1.38;1.12;1.17;2.0;2.5;19.83;0.54;0.04;106.69;0.13;81.33
Jalen Pickett;9.21;0.5;1.0;0.25;0.75;0.0;0.0;0.25;1.0;1.25;1.75;0.5;0.25;0.0;0.0;1.5;0.0;1.25;0.0;0.0;105.81;0.28;19.75
Jalen Smith;14.76;2.77;6.0;1.23;3.41;1.23;1.55;1.36;3.73;5.09;0.68;0.64;0.36;0.68;0.14;1.59;1.5;8.0;0.0;0.0;109.18;0.12;33.32
Jalen Suggs;30.35;5.69;13.69;2.31;7.27;2.88;3.15;0.65;3.46;4.12;3.77;2.85;1.58;0.92;0.38;2.69;3.73;16.58;0.0;0.0;99.3;0.1;62.73
Jalen Williams;31.82;8.5;16.83;2.0;5.21;2.79;3.46;0.92;5.21;6.12;5.0;2.21;2.04;0.83;0.79;2.71;2.71;21.79;0.08;0.0;102.76;0.16;67.75
Jalen Wilson;25.01;2.96;6.87;1.3;3.78;1.52;1.74;1.04;2.52;3.57;1.7;0.87;0.35;0.04;0.78;2.3;1.57;8.74;0.0;0.0;97.58;0.06;50.65
Jamal Cain;14.37;1.79;3.71;0.64;1.86;0.64;1.0;0.86;1.79;2.64;0.71;0.5;0.57;0.5;0.0;1.36;0.71;4.86;0.0;0.0;106.51;0.07;29.36
Jamal Murray;36.04;6.35;15.12;1.94;5.82;3.12;3.88;0.53;3.47;4.0;6.24;1.88;1.35;0.59;0.76;1.71;3.88;17.76;0.06;0.0;99.71;0.1;75.24
Jamal Shead;14.12;1.78;4.7;0.57;1.91;0.39;0.52;0.09;0.83;0.91;2.83;1.3;0.43;0.09;0.3;1.83;0.91;4.52;0.0;0.0;101.33;0.03;29.83
James Harden;33.9;6.17;16.29;2.83;8.38;6.46;7.21;0.58;6.17;6.75;8.54;4.38;1.58;0.67;1.08;1.96;4.67;21.62;0.5;0.04;97.89;0.15;69.17
James Johnson;3.46;0.67;1.33;0.0;0.33;0.0;0.0;0.0;0.67;0.67;0.67;1.0;0.0;0.33;0.0;0.0;0.0;1.33;0.0;0.0;112.66;0.14;8.67
James Wiseman;4.63;2.0;4.0;0.0;1.0;2.0;2.0;0.0;1.0;1.0;0.0;0.0;0.0;0.0;0.0;0.0;1.0;6.0;0.0;0.0;119.14;0.16;11.0
Jamison Battle;13.53;2.0;4.22;1.35;3.17;0.39;0.48;0.57;1.43;2.0;0.91;0.35;0.13;0.17;0.13;1.22;0.39;5.74;0.0;0.0;101.09;0.08;28.17
Jarace Walker;18.24;1.96;4.52;0.96;2.44;0.76;1.24;0.48;3.04;3.52;1.56;1.44;1.2;0.36;0.24;1.64;1.04;5.64;0.0;0.0;105.91;0.04;39.52
Jared Butler;10.58;2.24;5.0;0.29;1.29;0.94;1.29;0.24;0.65;0.88;2.71;0.71;0.35;0.12;0.65;1.18;1.0;5.71;0.0;0.0;105.57;0.14;23.35
Jared McCain;25.59;5.64;12.18;2.27;5.95;2.23;2.55;0.59;1.91;2.5;2.59;1.59;0.68;0.0;0.5;1.45;1.95;15.77;0.05;0.0;100.06;0.12;52.27
Jared Rhoden;2.91;0.5;2.0;0.0;0.5;0.0;0.0;0.5;0.5;1.0;0.5;0.25;0.25;0.0;0.0;0.25;0.25;1.0;0.0;0.0;114.58;-0.11;6.5
Jaren Jackson Jr.;28.04;7.87;15.22;1.83;5.22;4.35;5.35;1.3;4.52;5.83;1.26;2.13;1.39;1.91;1.0;3.26;4.74;21.91;0.0;0.0;106.63;0.14;62.17
Jarrett Allen;29.79;5.44;7.96;0.0;0.04;2.48;3.36;2.28;8.08;10.36;1.8;1.04;0.92;0.88;0.56;1.24;3.12;13.36;0.6;0.0;102.39;0.14;63.6
Javonte Green;23.36;2.17;5.08;0.71;2.25;1.25;1.62;1.0;2.29;3.29;0.83;0.58;1.12;0.71;0.29;1.25;1.33;6.29;0.0;0.0;101.63;0.06;49.33
Jaxson Hayes;17.42;2.36;3.27;0.0;0.0;1.64;2.09;1.91;2.64;4.55;0.82;0.73;0.36;0.82;0.09;2.55;1.91;6.36;0.0;0.0;101.99;0.09;37.27
Jay Huff;15.69;3.28;6.32;1.72;4.16;1.24;1.64;0.56;2.16;2.72;0.84;0.64;0.28;1.28;0.16;1.64;1.04;9.52;0.0;0.0;107.57;0.11;35.32
Jaylen Brown;36.12;8.68;19.53;2.58;7.58;5.05;6.63;1.47;4.53;6.0;4.58;2.58;1.11;0.37;0.89;2.68;5.63;25.0;0.16;0.0;100.06;0.12;75.16
Jaylen Martin;1.54;0.5;0.5;0.5;0.5;0.0;0.0;0.0;0.0;0.0;0.0;0.0;0.0;0.0;0.0;0.5;0.0;1.5;0.0;0.0;122.3;0.1;4.5
Jaylen Nowell;21.01;3.25;9.12;1.0;3.38;0.88;1.38;0.75;1.75;2.5;2.25;1.0;0.12;0.5;0.38;1.12;1.12;8.38;0.0;0.0;97.85;0.05;42.25
Jaylen Wells;24.83;4.12;9.12;1.84;4.8;1.44;1.8;0.96;2.36;3.32;1.72;1.28;0.4;0.2;0.4;1.76;2.0;11.52;0.0;0.0;105.56;0.07;54.52
Jaylon Tyson;7.73;0.86;1.93;0.21;0.79;0.21;0.43;0.71;1.0;1.71;0.79;0.43;0.29;0.0;0.29;1.29;0.36;2.14;0.07;0.0;102.23;-0.01;16.43
Jayson Tatum;36.46;9.13;20.17;3.83;10.52;6.09;7.61;0.52;8.35;8.87;5.74;2.78;1.22;0.52;0.83;2.48;5.17;28.17;0.48;0.0;99.9;0.17;75.87
Jazian Gortman;2.31;0.5;0.83;0.33;0.5;0.0;0.0;0.17;0.0;0.17;0.0;0.17;0.0;0.17;0.0;0.33;0.0;1.33;0.0;0.0;108.89;0.09;5.33
Jeff Dowtin Jr.;10.04;0.75;2.38;0.12;1.0;0.38;0.5;0.25;0.75;1.0;1.12;0.12;0.38;0.0;0.0;0.62;0.38;2.0;0.0;0.0;108.0;0.04;22.25
Jeff Green;5.68;1.0;1.86;0.43;1.14;0.0;0.0;0.0;0.57;0.57;0.14;0.29;0.29;0.0;0.0;0.29;0.0;2.43;0.0;0.0;116.51;0.15;13.71
Jerami Grant;32.47;4.95;13.05;2.23;6.27;3.18;3.86;0.45;3.05;3.5;2.32;1.41;0.95;1.09;0.95;2.32;2.73;15.32;0.0;0.0;101.06;0.07;68.23
Jeremiah Robinson-Earl;20.3;2.68;6.12;0.84;2.6;0.92;1.04;2.12;2.96;5.08;1.2;0.88;0.76;0.12;0.44;1.4;0.88;7.12;0.08;0.0;101.59;0.08;41.8
Jeremy Sochan;27.59;5.73;11.45;0.36;1.73;2.64;3.82;2.91;5.27;8.18;2.55;1.82;1.0;0.55;1.09;2.64;3.18;14.45;0.36;0.0;100.77;0.12;57.73
Jericho Sims;12.46;0.79;1.12;0.0;0.0;0.17;0.29;1.29;2.33;3.62;0.62;0.54;0.25;0.38;0.21;1.33;0.54;1.75;0.0;0.0;100.11;0.05;25.54
Jett Howard;10.73;1.48;3.92;0.96;3.0;0.24;0.28;0.4;0.8;1.2;0.48;0.28;0.2;0.24;0.08;0.88;0.16;4.16;0.0;0.0;106.22;0.0;22.44
Jevon Carter;4.77;0.64;2.09;0.36;1.45;0.0;0.0;0.09;0.64;0.73;0.55;0.36;0.27;0.0;0.18;0.09;0.0;1.64;0.0;0.0;114.16;0.04;11.55
Jimmy Butler;32.09;6.29;11.29;0.53;1.47;5.88;7.47;2.41;2.94;5.35;4.76;1.35;1.24;0.35;0.94;1.18;5.12;19.0;0.06;0.0;96.9;0.14;65.18
Jock Landale;11.11;1.5;3.36;0.21;0.43;0.71;1.36;1.43;1.86;3.29;1.0;0.5;0.21;0.43;0.79;1.0;0.79;3.93;0.0;0.0;107.15;0.08;24.36
Joe Ingles;3.74;0.0;0.29;0.0;0.29;0.0;0.0;0.29;0.0;0.29;1.29;0.14;0.0;0.0;0.0;0.71;0.14;0.0;0.0;0.0;325.36;0.04;8.0
Joel Embiid;31.66;7.0;17.2;0.6;4.6;7.4;7.6;1.6;6.8;8.4;3.6;3.8;0.4;1.2;0.6;3.0;6.2;22.0;0.4;0.0;99.96;0.14;66.2
John Collins;28.84;6.68;12.5;1.36;3.14;3.23;3.5;2.41;5.91;8.32;2.5;2.41;1.09;0.82;1.41;2.91;3.41;17.95;0.32;0.0;100.54;0.14;60.36
John Konchar;12.83;0.92;1.83;0.58;1.5;0.25;0.33;1.0;2.08;3.08;0.92;0.5;0.58;0.5;0.0;0.83;0.42;2.67;0.0;0.0;109.34;0.23;28.83
Johnny Davis;8.34;1.29;2.59;0.24;0.71;0.35;0.53;0.35;1.12;1.47;0.29;0.24;0.53;0.18;0.18;0.76;0.35;3.18;0.0;0.0;109.45;0.1;18.65
Johnny Furphy;10.0;1.13;2.8;0.67;1.6;0.47;0.47;0.67;0.8;1.47;0.4;0.53;0.33;0.27;0.4;0.8;0.67;3.4;0.0;0.0;109.13;0.03;22.8
Johnny Juzang;17.28;2.32;5.89;1.53;4.21;0.58;0.68;0.53;1.63;2.16;1.11;0.58;0.37;0.21;0.21;1.95;0.63;6.74;0.0;0.0;99.04;0.04;35.95
Jonas Valančiūnas;20.33;5.05;8.91;0.09;0.45;2.45;2.68;2.55;5.55;8.09;2.18;1.82;0.36;0.86;0.55;1.68;2.77;12.64;0.32;0.0;104.1;0.15;44.23
Jonathan Isaac;16.89;2.38;5.38;0.81;2.76;0.9;1.33;1.76;2.95;4.71;0.24;0.43;0.86;1.43;0.24;1.48;1.05;6.48;0.0;0.0;99.91;0.12;34.86
Jonathan Kuminga;24.99;5.82;13.09;1.18;3.82;2.41;4.14;1.23;3.23;4.45;1.77;1.55;1.0;0.64;1.27;2.09;2.55;15.23;0.0;0.0;102.2;0.09;52.68
Jonathan Mogbo;16.37;2.08;4.36;0.28;0.76;1.2;1.68;2.16;2.24;4.4;1.68;0.88;0.84;0.44;0.44;1.8;1.24;5.64;0.0;0.0;101.85;0.1;34.8
Jordan Clarkson;25.98;5.23;13.38;1.69;6.15;2.85;3.54;0.77;3.08;3.85;3.85;2.0;0.85;0.08;1.23;1.46;2.23;15.0;0.0;0.0;101.17;0.1;54.62
Jordan Hawkins;27.44;4.27;11.45;2.0;6.0;2.55;2.82;0.45;3.36;3.82;1.27;1.27;0.27;0.36;0.64;1.09;2.27;13.09;0.0;0.0;100.66;0.07;57.64
Jordan McLaughlin;7.9;0.7;1.9;0.4;1.1;0.5;0.7;0.15;0.8;0.95;0.95;0.4;0.45;0.0;0.15;0.55;0.75;2.3;0.0;0.0;98.1;-0.11;16.05
Jordan Miller;16.27;3.07;6.57;0.5;1.64;1.21;1.57;1.21;1.29;2.5;1.29;1.0;0.36;0.14;0.57;1.14;1.14;7.86;0.0;0.0;101.61;0.07;33.79
Jordan Poole;30.29;6.7;15.35;3.2;7.85;3.8;4.45;0.2;2.0;2.2;5.0;3.4;1.6;0.4;1.2;3.3;4.6;20.4;0.0;0.0;105.59;0.09;66.65
Jordan Walsh;8.8;0.5;1.62;0.31;1.25;0.0;0.06;0.31;0.75;1.06;0.19;0.25;0.25;0.38;0.06;0.69;0.31;1.31;0.0;0.0;103.06;0.03;18.5
Jose Alvarado;25.6;3.64;9.18;2.18;5.45;1.27;1.55;0.55;1.64;2.18;4.45;1.27;1.55;0.27;0.36;2.36;1.27;10.73;0.0;0.0;100.46;0.07;52.64
Josh Giddey;27.16;4.48;10.12;1.16;3.64;1.6;2.32;1.16;5.04;6.2;6.88;2.6;0.8;0.44;0.92;1.52;1.92;11.72;0.16;0.04;105.78;0.11;59.76
Josh Green;27.63;2.73;6.23;1.5;3.32;0.59;1.0;0.95;1.68;2.64;1.68;0.86;0.82;0.32;0.41;2.91;1.45;7.55;0.0;0.0;98.21;0.04;56.36
Josh Hart;36.95;5.48;9.2;1.4;3.44;1.8;2.12;1.6;6.72;8.32;5.52;1.68;1.36;0.32;0.36;2.4;2.0;14.16;0.36;0.08;97.79;0.13;75.2
Josh Minott;7.41;1.0;1.73;0.18;0.91;0.27;0.45;0.09;1.18;1.27;0.45;0.45;0.27;0.27;0.0;1.09;0.45;2.45;0.0;0.0;106.83;0.04;16.73
Josh Okogie;14.94;2.77;5.38;0.77;1.77;1.23;1.77;1.31;1.92;3.23;0.62;0.77;0.92;0.31;0.69;1.15;1.92;7.54;0.0;0.0;100.93;-0.07;31.31
Josh Richardson;18.69;1.38;4.75;0.75;2.75;0.5;0.5;0.75;0.75;1.5;1.5;1.0;1.0;0.12;0.38;2.12;1.25;4.0;0.0;0.0;101.64;0.01;39.38
Jrue Holiday;31.24;4.52;10.43;1.9;5.81;1.67;1.86;1.14;3.1;4.24;4.0;1.48;0.76;0.38;0.48;1.48;1.67;12.62;0.0;0.0;101.33;0.09;65.67
Julian Champagnie;29.61;4.29;9.92;2.5;7.04;1.5;1.62;0.88;4.25;5.12;1.5;1.08;0.83;0.62;0.46;1.5;0.71;12.58;0.0;0.0;100.96;0.08;62.29
Julian Phillips;14.34;1.58;3.83;0.75;2.38;0.54;0.88;0.79;1.29;2.08;0.46;0.42;0.67;0.25;0.29;1.33;0.58;4.46;0.0;0.0;106.18;0.04;31.58
Julian Strawther;20.81;3.14;6.77;1.41;3.45;1.32;1.64;0.32;1.68;2.0;1.41;0.95;0.82;0.41;0.32;2.68;1.64;9.0;0.0;0.0;106.15;0.06;45.95
Julius Randle;33.18;7.0;14.3;1.74;4.74;4.7;5.7;1.74;5.22;6.96;4.04;2.7;0.78;0.13;1.17;2.48;4.04;20.43;0.17;0.0;97.6;0.14;67.52
Justin Champagnie;20.94;3.8;6.8;1.0;2.4;0.6;1.0;2.0;2.6;4.6;1.0;1.0;1.4;0.4;0.6;2.4;0.8;9.2;0.0;0.0;114.81;0.04;46.4
Justin Edwards;4.49;1.0;1.5;0.0;0.5;0.0;0.5;0.0;1.0;1.0;0.5;0.0;0.0;0.0;0.0;0.0;1.0;2.0;0.0;0.0;126.68;0.12;11.5
Justin Minaya;6.05;0.0;0.0;0.0;0.0;0.0;0.0;0.0;1.0;1.0;0.0;0.0;0.0;0.0;0.0;1.0;1.0;0.0;0.0;0.0;103.14;0.0;13.0
Jusuf Nurkić;24.09;2.94;7.0;0.88;2.94;2.19;3.25;1.81;8.12;9.94;1.31;2.31;0.94;0.62;0.5;2.94;2.62;8.94;0.38;0.0;102.05;0.08;51.06
KJ Martin;18.9;2.58;4.0;0.26;0.74;1.21;1.42;0.89;1.79;2.68;0.89;0.37;0.37;0.74;0.26;2.42;0.95;6.63;0.0;0.0;102.82;0.08;38.89
KJ Simpson;14.45;1.5;4.88;0.38;2.38;1.0;1.25;1.12;0.75;1.88;2.12;1.12;0.62;0.12;0.38;1.5;1.75;4.38;0.0;0.0;97.7;0.04;29.0
Kai Jones;8.69;0.94;1.25;0.0;0.0;0.44;0.62;0.69;1.25;1.94;0.38;0.44;0.25;0.56;0.06;1.06;0.56;2.31;0.0;0.0;97.38;0.01;18.12
Karl-Anthony Towns;33.96;8.83;16.7;2.3;5.22;4.91;5.87;2.91;10.65;13.57;3.22;2.39;0.91;1.04;1.35;3.43;5.09;24.87;0.91;0.0;98.63;0.18;69.7
Karlo Matković;7.72;0.4;1.0;0.0;0.0;0.0;0.0;1.2;0.8;2.0;0.0;0.8;0.6;0.6;0.2;0.8;0.2;0.8;0.0;0.0;118.5;0.05;16.2
Keaton Wallace;16.18;1.83;4.58;0.67;2.17;0.33;0.33;0.17;1.33;1.5;1.83;1.0;0.83;0.5;0.08;1.08;0.33;4.67;0.0;0.0;102.05;0.06;34.92
Keegan Murray;36.41;4.76;11.2;1.6;5.48;1.04;1.24;2.32;5.32;7.64;1.56;1.08;0.72;0.88;0.24;3.04;1.28;12.16;0.32;0.0;100.35;0.07;75.8
Kel'el Ware;6.9;1.0;2.5;0.2;0.7;0.2;0.2;0.2;1.4;1.6;0.1;0.4;0.3;0.5;0.1;0.6;0.2;2.4;0.0;0.0;102.48;-0.05;14.4
Keldon Johnson;25.37;4.65;10.39;1.13;3.96;2.22;2.91;1.13;4.22;5.35;1.61;0.78;0.78;0.22;0.65;1.78;2.0;12.65;0.04;0.0;101.83;0.1;53.57
Kelly Olynyk;14.53;3.0;5.5;1.5;2.0;2.0;2.0;2.0;2.0;4.0;1.0;1.5;1.5;0.5;0.5;1.0;1.5;9.5;0.0;0.0;101.6;0.18;30.5
Kelly Oubre Jr.;31.42;4.91;11.05;1.41;4.41;1.64;2.18;1.5;3.82;5.32;1.36;1.32;1.27;0.5;1.05;3.09;2.05;12.86;0.09;0.0;98.91;0.08;64.59
Kenrich Williams;13.25;2.21;4.0;0.93;2.21;0.43;0.43;0.86;2.14;3.0;0.93;0.14;0.64;0.29;0.29;1.57;0.64;5.79;0.0;0.0;98.23;0.14;26.71
Kentavious Caldwell-Pope;30.25;2.85;7.12;1.42;4.77;1.12;1.27;0.35;1.73;2.08;1.73;0.73;1.65;0.54;0.23;2.12;1.23;8.23;0.0;0.0;97.36;0.06;61.19
Keon Ellis;20.5;2.13;4.48;1.39;3.22;0.87;1.09;0.74;1.26;2.0;1.17;0.83;1.22;0.83;0.17;2.0;0.87;6.52;0.0;0.0;98.65;0.05;41.52
Keon Johnson;16.96;2.09;6.0;1.14;3.77;0.36;0.5;0.59;2.27;2.86;1.09;0.95;0.55;0.32;0.59;2.09;0.64;5.68;0.0;0.0;100.18;0.04;35.0
Keshad Johnson;6.22;0.5;1.0;0.0;0.5;0.0;0.0;0.0;1.0;1.0;0.0;0.0;0.0;0.0;0.0;0.0;0.0;1.0;0.0;0.0;96.68;0.09;12.5
Kessler Edwards;1.91;0.0;0.4;0.0;0.4;0.0;0.0;0.0;0.0;0.0;0.0;0.2;0.0;0.0;0.0;0.4;0.0;0.0;0.0;0.0;104.99;-0.09;4.4
Kevin Durant;35.69;9.23;17.23;2.69;6.0;4.62;5.77;0.23;6.46;6.69;3.08;3.31;0.54;1.46;0.54;1.69;5.54;25.77;0.08;0.0;100.25;0.15;74.23
Kevin Huerter;25.52;3.86;8.73;1.86;5.77;0.45;0.68;0.36;3.14;3.5;2.09;0.95;1.0;0.55;0.18;2.36;0.5;10.05;0.0;0.0;101.72;0.07;53.86
Kevin Love;12.0;2.25;6.25;1.42;3.75;0.75;1.08;1.08;3.75;4.83;1.33;0.67;1.08;0.17;0.33;0.83;0.92;6.67;0.0;0.0;102.88;0.12;25.75
Kevin Porter Jr.;19.51;3.86;9.27;0.5;2.45;1.05;1.68;0.64;2.82;3.45;2.91;2.27;0.91;0.32;0.5;1.41;1.86;9.27;0.0;0.0;99.94;0.07;40.59
Kevon Looney;16.38;2.32;4.36;0.0;0.0;0.77;1.68;3.55;4.32;7.86;1.68;0.68;0.82;0.27;0.32;2.5;1.18;5.41;0.05;0.0;102.45;0.14;35.0
Keyonte George;31.55;5.41;13.73;2.59;7.73;2.5;3.05;0.55;2.68;3.23;5.64;3.27;0.77;0.09;0.91;1.82;2.64;15.91;0.05;0.0;99.33;0.08;65.5
Khris Middleton;20.99;1.67;6.67;0.67;2.33;3.33;3.33;0.0;3.0;3.0;6.33;1.0;1.67;0.33;0.67;2.33;2.67;7.33;0.0;0.0;101.45;0.11;44.0
Klay Thompson;27.58;4.76;12.05;2.9;7.76;0.86;0.95;0.76;2.76;3.52;1.71;1.05;0.62;0.33;0.38;1.29;0.71;13.29;0.0;0.0;100.03;0.08;57.62
Kobe Brown;6.73;1.29;2.86;0.14;0.86;0.14;0.29;0.71;1.57;2.29;0.57;0.0;0.14;0.0;0.0;0.71;0.29;2.86;0.0;0.0;99.92;0.11;14.43
Kobe Bufkin;12.36;1.8;4.7;0.4;1.9;1.3;1.8;0.5;1.6;2.1;1.7;0.8;0.3;0.2;0.6;0.9;1.2;5.3;0.0;0.0;107.23;0.08;27.5
Kris Dunn;22.61;2.72;6.2;0.96;3.0;0.2;0.4;0.76;3.0;3.76;2.6;1.08;1.64;0.28;0.12;2.68;0.72;6.6;0.0;0.0;99.31;0.08;46.68
Kris Murray;12.71;1.81;3.81;0.52;1.57;0.38;0.95;1.05;1.24;2.29;0.67;0.57;0.43;0.14;0.24;1.0;0.52;4.52;0.0;0.0;102.74;0.06;27.24
Kristaps Porziņģis;28.51;6.8;14.8;2.4;7.0;4.6;5.8;2.0;5.8;7.8;1.8;0.8;1.0;1.4;0.8;2.6;5.8;20.6;0.0;0.0;106.28;0.14;63.6
Kyle Anderson;14.21;1.91;4.65;0.43;1.52;0.57;0.87;0.48;2.43;2.91;2.26;0.52;0.78;0.43;0.17;1.0;0.91;4.83;0.0;0.0;103.15;0.1;30.57
Kyle Filipowski;18.43;2.67;5.27;0.6;2.07;1.07;2.0;0.93;3.53;4.47;2.0;1.0;0.53;0.13;0.53;1.73;1.67;7.0;0.0;0.0;102.44;0.07;38.6
Kyle Kuzma;27.48;6.33;15.08;1.33;4.83;1.83;2.67;0.67;4.92;5.58;1.92;2.42;0.42;0.25;0.75;1.92;2.08;15.83;0.08;0.0;105.01;0.08;60.42
Kyle Lowry;21.89;1.56;4.19;1.12;3.19;0.94;1.19;0.38;1.69;2.06;2.94;0.81;1.06;0.31;0.25;1.88;1.38;5.19;0.0;0.0;98.4;0.06;45.0
Kyrie Irving;35.34;8.91;17.7;3.17;6.7;3.0;3.39;1.13;3.65;4.78;5.22;2.17;1.26;0.26;0.7;2.35;2.65;24.0;0.0;0.0;101.72;0.14;75.04
Kyshawn George;26.18;2.63;7.84;1.26;5.11;1.0;1.37;0.68;3.42;4.11;2.63;1.0;0.68;0.68;0.42;3.16;1.32;7.53;0.0;0.0;103.82;0.05;56.63
LaMelo Ball;34.1;10.72;24.94;4.67;13.11;4.94;5.83;0.94;4.44;5.39;6.94;4.5;1.11;0.22;1.17;4.06;5.33;31.06;0.22;0.0;99.99;0.15;70.89
Larry Nance Jr.;16.47;3.4;5.4;1.6;2.9;0.3;0.4;1.0;1.6;2.6;1.4;0.4;0.9;0.3;0.1;1.3;0.6;8.7;0.0;0.0;105.51;0.11;35.7
Lauri Markkanen;31.78;5.83;13.17;2.5;6.72;4.44;5.17;1.56;4.72;6.28;2.33;1.44;0.67;0.11;0.67;1.72;4.11;18.61;0.06;0.0;100.32;0.12;66.44
LeBron James;35.05;8.74;17.65;2.04;5.7;3.48;4.57;0.91;7.09;8.0;9.13;4.09;0.7;0.57;0.87;1.22;4.0;23.0;0.57;0.3;101.36;0.15;74.3
Lester Quinones;4.24;1.0;2.0;0.0;0.75;0.25;0.25;0.75;0.25;1.0;0.25;1.0;0.0;0.0;0.0;0.0;0.25;2.25;0.0;0.0;118.22;0.06;10.25
Liam Robbins;3.96;0.4;0.6;0.0;0.2;0.2;0.8;0.4;0.2;0.6;0.0;0.0;0.0;0.0;0.0;0.6;0.8;1.0;0.0;0.0;104.86;-0.03;9.0
Lindy Waters III;17.79;2.1;5.4;1.3;3.8;0.2;0.25;0.45;2.05;2.5;1.35;0.4;0.5;0.25;0.3;1.6;0.4;5.7;0.0;0.0;102.73;0.06;37.6
Lonzo Ball;16.75;1.75;4.75;1.38;3.88;0.0;0.0;0.12;2.25;2.38;3.38;0.62;1.12;0.5;0.12;1.0;0.12;4.88;0.0;0.0;109.01;0.07;38.38
Luguentz Dort;29.36;3.38;8.25;2.12;5.42;1.0;1.21;1.5;3.12;4.62;1.83;0.58;1.17;0.88;0.42;3.04;2.08;9.88;0.0;0.0;102.13;0.07;62.0
Luka Dončić;36.88;9.74;21.84;3.42;9.95;5.16;6.74;0.63;7.79;8.42;7.89;3.47;2.05;0.37;0.58;2.84;5.79;28.05;0.47;0.11;101.89;0.17;78.37
Luka Garza;4.7;1.57;2.86;0.14;0.86;0.43;0.86;0.57;0.71;1.29;0.0;0.29;0.14;0.0;0.29;0.43;0.86;3.71;0.0;0.0;111.18;0.12;10.71
Luke Kennard;19.74;2.21;5.14;1.5;3.71;0.79;1.0;0.5;1.93;2.43;2.93;0.71;0.57;0.14;0.0;0.64;0.29;6.71;0.0;0.0;107.6;0.08;43.93
Luke Kornet;17.06;1.67;2.67;0.0;0.0;1.11;1.28;1.83;2.44;4.28;1.5;0.44;0.56;1.17;0.28;1.39;1.5;4.44;0.0;0.0;100.66;0.1;35.5
Luke Travers;6.93;0.5;1.17;0.0;0.5;0.33;0.33;0.17;0.83;1.0;0.83;0.33;0.17;0.17;0.0;0.5;0.17;1.33;0.0;0.0;94.88;0.05;13.33
Mac McClung;4.88;0.0;0.0;0.0;0.0;0.0;0.0;0.0;1.0;1.0;2.0;0.0;0.0;0.0;0.0;0.0;1.0;0.0;0.0;0.0;98.29;0.1;10.0
Malaki Branham;12.93;2.39;5.33;0.94;2.28;0.94;1.11;0.17;1.44;1.61;1.17;1.28;0.39;0.11;0.44;0.72;0.67;6.67;0.0;0.0;102.31;0.06;27.61
Malcolm Brogdon;23.81;5.0;10.11;0.78;2.33;3.0;3.56;1.0;3.33;4.33;2.56;1.56;0.44;0.33;1.0;2.11;2.56;13.78;0.22;0.0;102.44;0.1;51.0
Malevy Leons;3.49;0.0;0.33;0.0;0.17;0.33;0.67;0.17;0.33;0.5;0.17;0.17;0.0;0.0;0.17;0.67;0.33;0.33;0.0;0.0;100.7;-0.05;7.33
Malik Beasley;28.45;5.64;12.92;3.68;8.92;1.0;1.36;0.64;2.44;3.08;1.84;1.12;0.76;0.04;0.24;1.36;1.16;15.96;0.04;0.0;100.92;0.09;59.84
Malik Monk;28.39;5.78;12.39;2.39;6.22;2.33;2.78;0.22;3.28;3.5;4.5;1.22;0.78;0.44;0.67;2.22;2.5;16.28;0.06;0.0;103.1;0.12;60.56
MarJon Beauchamp;3.22;0.55;1.45;0.18;0.73;0.36;0.36;0.18;0.64;0.82;0.09;0.64;0.09;0.0;0.09;0.27;0.18;1.64;0.0;0.0;111.84;0.09;7.18
Marcus Sasser;13.16;2.56;4.75;0.81;2.0;0.38;0.38;0.38;0.69;1.06;1.5;0.75;0.81;0.12;0.31;0.81;0.5;6.31;0.0;0.0;110.51;0.1;27.38
Marcus Smart;21.35;3.0;8.13;1.67;5.13;1.93;2.33;0.87;1.67;2.53;4.07;2.13;1.47;0.4;0.47;1.73;2.0;9.6;0.0;0.0;110.29;0.09;49.0
Mark Williams;9.98;3.0;5.0;0.0;0.0;1.33;1.67;2.0;2.33;4.33;1.0;0.67;0.33;0.33;0.33;0.67;1.33;7.33;0.0;0.0;93.23;0.16;19.67
Markieff Morris;6.0;0.67;3.0;0.33;1.0;0.0;0.0;0.0;1.67;1.67;0.67;0.67;0.0;0.33;0.0;0.0;0.0;1.67;0.0;0.0;112.95;0.03;14.0
Marvin Bagley III;8.41;2.06;3.81;0.12;0.62;0.62;0.94;1.31;1.44;2.75;0.38;0.62;0.31;0.31;0.12;0.62;0.94;4.88;0.0;0.0;105.8;0.11;18.12
Mason Jones;4.2;0.0;0.67;0.0;0.67;0.0;0.0;0.33;1.0;1.33;2.33;0.0;0.0;0.0;0.0;0.33;0.0;0.0;0.0;0.0;92.96;0.1;8.33
Mason Plumlee;18.06;1.77;3.18;0.0;0.0;1.05;1.91;1.55;4.55;6.09;1.68;0.91;0.36;0.82;0.68;2.0;1.64;4.59;0.05;0.0;98.41;0.08;37.45
Matas Buzelis;12.65;1.83;4.58;0.88;2.42;0.79;1.0;0.46;2.08;2.54;0.38;0.71;0.33;0.71;0.29;1.46;0.54;5.33;0.0;0.0;107.0;-0.01;28.58
Matt Ryan;5.15;0.5;2.0;0.38;1.5;0.0;0.0;0.0;0.12;0.12;0.0;0.38;0.0;0.0;0.25;0.0;0.12;1.38;0.0;0.0;101.68;0.09;11.38
Max Christie;19.23;1.83;4.48;0.61;2.09;1.48;1.78;0.61;1.57;2.17;1.26;0.65;0.78;0.39;0.22;1.3;1.17;5.74;0.0;0.0;99.96;0.07;39.74
Maxi Kleber;16.98;0.64;1.86;0.14;0.64;0.29;0.43;0.43;2.57;3.0;0.57;0.71;0.14;0.5;0.14;2.07;0.64;1.71;0.0;0.0;102.84;0.02;35.79
Maxwell Lewis;4.2;0.29;0.86;0.0;0.0;0.0;0.0;0.29;0.0;0.29;0.29;0.29;0.14;0.0;0.0;0.14;0.0;0.57;0.0;0.0;95.8;-0.01;8.71
Micah Potter;20.18;1.4;3.8;1.2;3.2;0.0;0.0;2.0;4.6;6.6;1.0;1.0;0.2;0.6;0.4;1.2;0.6;4.0;0.0;0.0;97.1;0.1;41.0
Michael Porter Jr.;35.66;7.5;14.64;2.36;6.09;1.59;2.36;1.59;5.5;7.09;2.86;1.32;0.86;0.41;0.77;2.23;1.91;18.95;0.14;0.0;101.6;0.1;75.82
Mikal Bridges;38.32;7.08;14.72;2.32;6.84;0.52;0.84;0.96;2.64;3.6;3.32;1.52;1.04;0.52;0.2;1.32;1.16;17.0;0.0;0.0;98.16;0.08;78.0
Mike Conley;25.5;2.79;7.68;2.0;5.42;1.47;1.63;0.47;2.47;2.95;4.42;1.42;1.58;0.21;0.26;1.68;1.95;9.05;0.05;0.0;98.63;0.09;52.37
Miles Bridges;30.11;5.64;13.27;2.18;6.27;2.55;3.0;0.73;5.82;6.55;3.0;1.36;0.64;0.45;1.09;1.36;2.36;16.0;0.0;0.0;99.97;0.11;62.45
Miles McBride;25.4;3.75;8.3;2.05;5.0;1.05;1.2;0.55;2.0;2.55;2.85;1.05;0.9;0.25;0.45;1.7;1.3;10.6;0.0;0.0;99.02;0.08;52.15
Mo Bamba;13.59;1.9;4.3;0.5;2.0;0.6;0.9;0.7;3.2;3.9;0.8;0.7;0.7;1.2;0.4;2.2;0.8;4.9;0.0;0.0;99.01;0.1;27.5
Monté Morris;11.86;1.94;4.17;0.78;2.11;0.78;0.89;0.22;1.17;1.39;1.67;0.44;0.39;0.17;0.11;0.56;0.56;5.44;0.0;0.0;100.1;0.1;24.94
Moritz Wagner;19.18;4.67;8.41;0.85;2.48;2.56;3.52;1.48;3.78;5.26;1.44;1.63;0.81;0.44;0.48;1.85;3.19;12.74;0.04;0.0;100.31;0.17;39.89
Moses Brown;5.06;1.44;2.22;0.0;0.0;0.33;0.56;0.44;1.0;1.44;0.0;0.67;0.22;0.11;0.0;0.67;0.33;3.22;0.0;0.0;118.32;-0.05;12.33
Moses Moody;15.56;2.52;6.0;1.3;3.57;1.09;1.52;0.43;1.43;1.87;0.87;0.78;0.26;0.26;0.43;1.13;1.22;7.43;0.0;0.0;102.24;0.05;33.35
Mouhamed Gueye;5.7;0.5;2.0;0.0;1.0;0.0;0.0;0.0;1.0;1.0;0.0;0.5;0.0;0.0;0.0;0.0;0.0;1.0;0.0;0.0;99.33;0.01;12.5
Moussa Diabate;19.96;1.45;2.64;0.0;0.0;0.23;0.68;3.59;4.18;7.77;0.73;0.95;0.68;0.95;0.18;1.82;1.27;3.14;0.09;0.0;97.42;0.1;39.95
Myles Turner;31.92;5.52;11.65;2.13;5.09;2.09;2.91;1.22;5.87;7.09;1.61;2.61;0.83;2.04;0.39;3.04;2.78;15.26;0.13;0.0;99.85;0.09;66.26
Naji Marshall;24.33;4.76;8.67;0.81;2.62;1.57;1.81;1.1;2.29;3.38;2.38;1.48;0.95;0.1;0.52;1.52;1.48;11.9;0.0;0.0;102.12;0.1;51.38
Nate Williams;3.34;1.0;1.33;0.33;0.67;0.0;0.0;0.0;1.0;1.0;0.0;0.0;0.33;0.0;0.0;0.0;0.0;2.33;0.0;0.0;130.36;0.31;9.0
Naz Reid;24.72;4.61;9.74;1.78;5.09;1.7;1.96;0.65;4.57;5.22;1.61;1.22;0.83;0.83;0.52;2.22;1.48;12.7;0.04;0.0;100.49;0.11;51.43
Neemias Queta;17.87;2.55;3.95;0.0;0.1;0.9;1.2;1.85;3.35;5.2;0.75;0.65;0.2;1.0;0.4;2.1;1.2;6.0;0.0;0.0;99.06;0.1;36.45
Nic Claxton;25.25;4.33;6.67;0.06;0.17;1.06;2.28;1.94;5.83;7.78;2.33;1.22;0.72;1.28;0.28;2.56;2.11;9.78;0.22;0.0;96.9;0.13;50.33
Nick Richards;26.75;4.0;6.44;0.0;0.11;3.56;5.11;3.11;7.11;10.22;1.78;1.89;0.44;1.89;0.67;3.11;3.44;11.56;0.44;0.0;98.76;0.12;54.78
Nick Smith Jr.;9.32;1.23;3.69;0.62;2.0;0.0;0.0;0.08;0.77;0.85;0.77;0.23;0.31;0.08;0.08;0.62;0.15;3.08;0.0;0.0;101.33;0.05;18.92
Nickeil Alexander-Walker;24.03;3.48;6.74;1.74;3.78;0.96;1.3;0.7;1.96;2.65;2.52;1.48;0.87;0.39;0.13;1.65;1.7;9.65;0.04;0.0;99.89;0.09;49.7
Nicolas Batum;17.97;1.2;3.28;0.92;2.56;0.24;0.32;0.76;1.96;2.72;1.52;0.4;0.32;0.44;0.12;1.28;0.28;3.56;0.0;0.0;100.86;0.05;37.56
Nikola Jokić;37.59;12.26;21.84;2.21;4.42;5.53;6.84;4.05;9.53;13.58;10.16;3.74;1.79;0.74;1.21;2.05;6.21;32.26;0.89;0.47;102.55;0.21;80.68
Nikola Jović;18.18;2.79;6.21;1.0;3.14;1.14;1.43;0.57;3.14;3.71;1.29;0.57;0.93;0.07;0.14;1.43;1.36;7.71;0.0;0.0;100.01;0.1;37.86
Nikola Vučević;31.7;8.36;14.24;2.2;4.64;2.08;2.44;1.96;7.8;9.76;3.24;1.8;0.8;0.76;0.52;2.4;3.12;21.0;0.6;0.0;104.31;0.15;68.84
Noah Clowney;16.55;2.47;6.27;1.53;4.07;1.0;1.4;0.93;2.2;3.13;0.67;0.73;0.33;0.6;0.6;2.4;1.13;7.47;0.0;0.0;98.63;0.06;33.87
Norman Powell;32.56;8.11;16.5;3.83;7.89;3.5;4.17;0.28;2.72;3.0;2.5;2.11;1.11;0.17;0.78;1.83;3.44;23.56;0.06;0.0;99.3;0.13;67.11
OG Anunoby;36.81;6.52;13.64;2.2;6.16;2.12;2.64;1.08;3.96;5.04;2.0;1.32;1.56;1.2;0.96;2.56;2.04;17.36;0.0;0.0;97.57;0.09;74.76
Obi Toppin;20.12;4.0;7.5;1.17;3.54;0.92;1.04;0.71;3.08;3.79;1.79;0.71;0.58;0.42;0.25;1.42;1.08;10.08;0.0;0.0;106.3;0.11;44.46
Ochai Agbaji;30.83;4.44;8.56;1.8;3.92;0.56;0.8;0.96;3.24;4.2;2.08;0.92;1.0;0.56;0.6;2.48;0.8;11.24;0.0;0.0;100.85;0.08;64.64
Olivier-Maxence Prosper;6.46;0.73;1.93;0.2;0.6;0.33;0.6;0.73;1.0;1.73;0.27;0.07;0.2;0.13;0.33;0.47;0.47;2.0;0.0;0.0;105.01;0.14;14.13
Onyeka Okongwu;23.94;4.5;8.25;0.33;1.62;2.12;2.75;2.62;4.17;6.79;1.46;0.88;0.71;0.71;0.88;2.29;2.08;11.46;0.21;0.0;106.46;0.11;53.08
Orlando Robinson;8.43;1.0;2.2;0.2;0.8;0.6;1.2;0.4;1.8;2.2;1.4;0.6;0.4;0.2;0.0;1.2;0.8;2.8;0.0;0.0;99.14;0.03;17.4
Oscar Tshiebwe;15.65;0.0;0.0;0.0;0.0;3.0;4.0;3.0;6.0;9.0;0.0;1.0;2.0;0.0;0.0;3.0;3.0;3.0;0.0;0.0;104.28;0.13;34.0
Oso Ighodaro;17.75;1.94;3.17;0.0;0.0;0.56;0.72;1.22;2.89;4.11;1.06;0.67;0.39;0.33;0.22;1.94;0.67;4.44;0.0;0.0;99.57;0.07;36.56
Ousmane Dieng;11.61;1.25;3.69;0.56;2.25;0.44;0.69;0.56;2.06;2.62;0.81;0.25;0.69;0.25;0.19;1.12;0.5;3.5;0.0;0.0;104.18;0.09;24.94
P.J. Washington;32.56;4.63;10.26;1.42;3.95;2.0;2.63;1.58;6.74;8.32;2.47;1.63;1.32;1.21;0.58;2.0;2.21;12.68;0.37;0.0;102.72;0.1;69.74
PJ Dozier;4.33;0.29;0.43;0.29;0.43;0.14;0.86;0.14;0.57;0.71;0.71;0.14;0.14;0.0;0.0;0.43;0.43;1.0;0.0;0.0;111.21;0.15;9.86
PJ Hall;2.17;0.4;1.0;0.0;0.4;0.0;0.0;0.0;0.2;0.2;0.0;0.0;0.0;0.0;0.0;0.2;0.0;0.8;0.0;0.0;97.3;0.13;4.2
Pacôme Dadiet;6.98;0.55;1.64;0.45;1.09;0.18;0.18;0.0;1.18;1.18;0.45;0.09;0.09;0.18;0.09;0.45;0.27;1.73;0.0;0.0;104.46;0.04;14.82
Paolo Banchero;36.44;9.6;19.4;2.2;6.4;7.6;11.8;2.4;6.4;8.8;5.6;2.2;0.6;0.8;1.2;2.6;7.4;29.0;0.4;0.0;101.88;0.15;77.2
Pascal Siakam;34.42;7.56;14.4;1.76;4.28;2.84;3.56;1.76;4.8;6.56;3.56;1.52;0.92;0.24;0.52;2.96;3.28;19.72;0.08;0.0;100.83;0.13;72.32
Pat Connaughton;17.03;1.73;4.67;0.87;2.93;0.6;0.8;0.53;2.47;3.0;1.73;0.73;0.2;0.33;0.33;1.27;0.87;4.93;0.0;0.0;99.62;0.06;35.33
Pat Spencer;5.49;0.75;2.0;0.0;0.38;0.25;0.25;0.5;0.38;0.88;1.5;0.5;0.62;0.0;0.38;0.5;0.38;1.75;0.0;0.0;101.1;0.16;11.88
Patrick Baldwin Jr.;5.13;0.82;1.73;0.45;1.0;0.18;0.36;0.27;0.82;1.09;0.09;0.18;0.18;0.18;0.18;0.36;0.27;2.27;0.0;0.0;109.47;0.11;11.27
Patrick Williams;28.87;3.33;8.87;1.87;4.73;1.4;1.67;1.07;3.93;5.0;2.33;1.93;1.0;0.53;0.73;1.4;1.13;9.93;0.07;0.0;107.42;0.06;64.0
Patty Mills;15.28;1.22;3.44;0.78;2.67;0.33;0.33;0.11;0.78;0.89;1.44;0.89;0.67;0.22;0.0;0.89;0.89;3.56;0.0;0.0;104.85;0.04;33.56
Paul George;30.56;5.75;13.92;2.0;6.42;2.5;3.08;0.75;4.58;5.33;5.17;2.75;1.83;0.33;0.42;2.42;3.42;16.0;0.08;0.0;97.98;0.12;62.83
Paul Reed;9.98;1.73;3.0;0.36;0.82;1.09;1.36;0.64;1.45;2.09;0.45;0.82;0.73;0.45;0.09;1.73;0.82;4.91;0.0;0.0;101.79;0.14;21.27
Payton Pritchard;28.23;5.42;11.12;3.71;8.62;1.54;1.83;1.12;2.17;3.29;2.88;1.04;1.04;0.12;0.42;1.71;1.46;16.08;0.0;0.0;98.34;0.11;58.04
Pelle Larsson;16.34;2.27;4.2;0.73;1.93;0.73;1.33;0.67;1.33;2.0;1.47;0.53;0.6;0.0;0.07;2.13;1.2;6.0;0.0;0.0;103.74;0.1;34.0
Peyton Watson;24.93;3.27;6.77;0.82;2.27;1.5;1.95;0.91;2.36;3.27;1.27;0.82;0.82;1.0;0.68;2.18;1.36;8.86;0.0;0.0;103.12;0.05;53.14
Precious Achiuwa;18.7;1.75;4.0;0.0;0.5;0.75;2.0;1.5;4.75;6.25;1.5;1.0;0.75;1.25;0.25;1.0;1.25;4.25;0.0;0.0;99.64;0.08;38.5
Quentin Grimes;20.37;2.91;6.09;1.43;3.52;1.22;1.74;0.61;2.96;3.57;1.48;1.26;0.74;0.22;0.13;1.83;1.3;8.48;0.0;0.0;103.11;0.07;43.57
Quenton Jackson;17.14;2.71;5.21;0.64;1.64;0.86;1.21;0.71;1.21;1.93;2.0;0.79;0.64;0.36;0.64;2.0;1.79;6.93;0.0;0.0;103.68;0.06;36.5
Quincy Olivari;8.2;1.0;3.0;1.0;3.0;0.0;0.0;0.0;0.0;0.0;0.0;1.0;0.0;0.0;0.0;0.0;1.0;3.0;0.0;0.0;99.51;0.0;17.0
RJ Barrett;34.23;8.68;18.77;2.05;5.86;4.23;5.95;0.91;5.73;6.64;5.82;3.23;0.77;0.27;1.5;2.64;4.64;23.64;0.23;0.05;102.83;0.12;73.27
Rayan Rupert;10.64;1.33;3.05;0.43;1.38;0.38;0.57;0.81;0.81;1.62;0.52;0.57;0.33;0.1;0.43;0.76;0.48;3.48;0.0;0.0;106.07;0.01;23.43
Reece Beekman;2.04;0.5;0.5;0.0;0.0;0.0;0.0;0.5;0.0;0.5;0.5;0.0;0.5;0.0;0.0;0.5;0.0;1.0;0.0;0.0;92.54;0.64;4.0
Reed Sheppard;11.73;1.46;4.08;0.71;2.33;0.17;0.17;0.29;0.75;1.04;1.29;0.58;0.5;0.33;0.21;0.96;0.12;3.79;0.0;0.0;103.73;0.03;25.38
Reggie Jackson;11.87;1.6;3.9;1.1;2.5;0.0;0.0;0.1;0.8;0.9;2.1;0.7;0.6;0.3;0.2;0.8;0.1;4.3;0.0;0.0;100.63;0.05;24.3
Richaun Holmes;6.79;1.67;3.33;0.0;0.33;0.67;0.67;0.67;1.0;1.67;0.0;0.67;0.0;0.67;0.0;0.33;0.33;4.0;0.0;0.0;110.71;0.08;15.0
Ricky Council IV;11.77;1.47;3.59;0.41;1.59;1.06;1.24;0.29;1.24;1.53;0.82;0.24;0.18;0.18;0.41;0.71;0.88;4.41;0.06;0.0;106.56;0.06;24.47
Riley Minix;6.75;0.0;1.0;0.0;1.0;0.0;0.0;0.0;2.0;2.0;0.0;0.0;0.0;0.0;0.0;0.0;0.0;0.0;0.0;0.0;106.67;0.04;15.0
Rob Dillingham;8.38;1.64;3.27;0.55;1.09;0.0;0.0;0.09;0.73;0.82;1.45;1.09;0.0;0.0;0.09;0.36;0.09;3.82;0.0;0.0;106.21;0.08;17.91
Robert Williams III;18.76;3.86;5.43;0.14;0.29;1.71;1.86;2.14;3.86;6.0;1.43;1.0;1.14;1.86;0.43;1.0;1.29;9.57;0.0;0.0;104.8;0.17;40.43
Ronald Holland II;15.86;2.16;5.08;0.36;2.0;0.88;1.12;0.56;2.48;3.04;0.76;1.04;0.48;0.2;0.4;1.6;1.08;5.56;0.0;0.0;101.32;0.06;33.4
Royce O'Neale;25.87;3.83;8.52;2.48;5.52;0.7;0.91;1.26;4.83;6.09;2.04;1.04;0.96;0.61;0.3;2.26;0.78;10.83;0.0;0.0;101.1;0.1;54.3
Rudy Gobert;34.28;3.91;6.04;0.0;0.0;2.74;3.48;3.26;7.74;11.0;2.0;1.7;0.7;1.48;0.83;2.91;3.61;10.57;0.43;0.0;98.16;0.13;69.83
Rui Hachimura;32.45;4.74;9.47;1.63;3.53;1.53;1.79;1.84;3.53;5.37;1.68;0.63;1.0;0.63;0.68;1.95;1.47;12.63;0.05;0.0;98.11;0.09;66.42
Russell Westbrook;24.79;3.86;9.68;1.27;3.64;2.32;3.64;0.77;3.23;4.0;6.36;2.41;1.55;0.64;0.91;2.5;2.41;11.32;0.14;0.05;105.39;0.09;54.55
Ryan Dunn;17.83;2.37;5.79;1.16;3.74;0.11;0.42;0.63;2.05;2.68;0.79;0.53;0.53;0.53;0.16;2.47;0.21;6.0;0.0;0.0;101.33;0.04;37.53
Ryan Rollins;6.58;0.91;2.27;0.55;1.09;0.45;0.55;0.27;0.73;1.0;0.82;0.64;0.64;0.36;0.18;0.91;0.55;2.82;0.0;0.0;109.25;-0.36;14.64
Sam Hauser;22.14;3.1;7.05;2.15;5.85;0.1;0.1;0.8;2.55;3.35;1.05;0.4;0.8;0.25;0.05;1.25;0.6;8.45;0.0;0.0;98.83;0.08;45.05
Sam Merrill;19.85;2.38;6.0;1.81;5.19;0.52;0.57;0.29;1.48;1.76;1.71;0.48;0.57;0.24;0.14;2.05;0.81;7.1;0.0;0.0;103.0;0.06;42.57
Sandro Mamukelashvili;9.44;1.71;3.0;0.94;2.06;0.65;0.88;0.59;2.29;2.88;0.35;0.53;0.18;0.29;0.0;0.65;0.53;5.0;0.0;0.0;101.75;0.14;19.88
Santi Aldama;26.86;5.36;10.2;1.56;4.16;0.96;1.24;1.68;5.8;7.48;3.24;1.28;0.92;0.52;0.32;1.16;1.16;13.24;0.28;0.0;106.2;0.14;59.52
Scoot Henderson;26.19;4.24;10.12;1.0;3.12;2.29;2.94;0.71;2.12;2.82;5.12;3.06;0.94;0.12;0.82;2.53;3.0;11.76;0.0;0.0;102.07;0.08;55.71
Scottie Barnes;33.19;7.57;16.43;1.86;6.0;3.57;4.93;2.07;6.36;8.43;7.43;3.57;1.29;0.71;0.79;1.93;3.93;20.57;0.5;0.07;102.65;0.16;70.86
Scotty Pippen Jr.;23.34;4.12;8.72;0.96;2.88;1.52;2.12;0.6;3.0;3.6;5.44;2.04;1.12;0.32;0.6;2.52;2.6;10.72;0.24;0.04;106.72;0.1;51.52
Seth Curry;12.37;1.78;3.74;0.87;1.96;0.39;0.48;0.39;0.96;1.35;0.35;0.26;0.43;0.17;0.0;1.0;0.52;4.83;0.0;0.0;100.4;0.08;25.91
Shaedon Sharpe;30.55;6.19;14.31;1.75;6.19;3.25;4.06;0.75;2.56;3.31;2.38;2.0;0.81;0.19;0.94;1.75;2.94;17.38;0.0;0.0;100.79;0.09;63.94
Shai Gilgeous-Alexander;34.31;10.62;20.62;2.12;6.25;6.83;7.96;0.83;4.54;5.38;6.29;2.67;1.75;1.0;0.75;2.17;5.54;30.21;0.08;0.0;101.69;0.19;72.5
Shake Milton;16.33;2.2;4.65;0.95;2.25;0.6;0.85;0.45;1.05;1.5;2.05;0.65;0.4;0.05;0.35;1.15;1.1;5.95;0.0;0.0;101.53;0.02;33.75
Sidy Cissoko;2.95;0.2;0.7;0.1;0.2;0.0;0.4;0.2;0.6;0.8;0.5;0.1;0.0;0.0;0.2;0.4;0.2;0.5;0.0;0.0;112.9;-0.02;6.3
Simone Fontecchio;18.07;2.09;5.22;1.22;3.52;0.96;1.22;0.52;2.52;3.04;0.87;0.7;0.26;0.22;0.22;1.39;1.09;6.35;0.0;0.0;101.21;0.06;38.3
Spencer Dinwiddie;21.38;2.39;5.96;1.39;3.65;2.0;2.3;0.17;1.61;1.78;3.04;0.78;0.7;0.26;0.09;1.61;1.78;8.17;0.0;0.0;103.01;0.07;45.91
Spencer Jones;1.89;0.0;0.5;0.0;0.5;0.0;0.0;0.0;0.5;0.5;0.0;0.0;1.0;0.0;0.0;0.0;0.0;0.0;0.0;0.0;105.46;0.12;4.5
Stanley Umude;2.89;0.17;0.5;0.17;0.5;0.0;0.33;0.0;0.5;0.5;0.17;0.0;0.0;0.17;0.0;0.0;0.17;0.5;0.0;0.0;114.3;0.06;6.83
Stephen Curry;30.69;7.47;16.58;4.11;9.95;3.74;4.05;0.53;4.63;5.16;6.47;3.26;1.32;0.47;0.68;1.0;3.05;22.79;0.11;0.0;103.32;0.15;65.95
Stephon Castle;27.42;4.17;10.79;1.21;4.29;2.58;3.5;0.79;1.83;2.62;3.83;1.88;0.92;0.42;0.62;1.67;2.88;12.12;0.0;0.0;100.22;0.07;57.33
Steven Adams;11.09;1.0;1.69;0.0;0.0;0.62;1.54;1.46;1.77;3.23;1.08;1.31;0.23;0.15;0.31;1.23;1.15;2.62;0.0;0.0;102.85;0.05;23.23
Svi Mykhailiuk;13.53;1.67;4.5;1.17;3.67;0.5;0.67;0.17;1.5;1.67;1.33;1.67;0.83;0.17;0.0;1.33;1.0;5.0;0.0;0.0;217.18;0.02;28.67
T.J. McConnell;20.02;5.29;9.17;0.12;0.5;0.79;1.08;0.54;2.0;2.54;4.04;1.62;1.38;0.29;0.62;1.04;1.54;11.5;0.0;0.0;105.52;0.13;44.04
Taj Gibson;11.56;1.23;2.62;0.08;0.15;0.31;0.46;1.62;1.85;3.46;0.54;0.69;0.38;0.23;0.38;1.38;0.77;2.85;0.0;0.0;98.31;0.07;23.15
Talen Horton-Tucker;10.93;2.53;4.58;1.0;1.95;1.11;1.53;0.42;1.37;1.79;1.47;0.58;0.21;0.21;0.21;0.84;1.11;7.16;0.0;0.0;113.21;0.08;24.84
Tari Eason;22.99;4.43;9.26;0.91;2.91;1.43;1.87;2.22;4.26;6.48;1.09;0.87;2.0;1.0;0.57;2.39;1.43;11.22;0.09;0.0;103.1;0.12;49.13
Taurean Prince;26.82;2.79;5.67;1.88;3.5;0.46;0.54;0.62;3.58;4.21;1.83;1.08;0.83;0.21;0.42;2.04;0.79;7.92;0.04;0.0;100.75;0.07;56.12
Taylor Hendricks;24.84;1.33;6.0;1.0;4.0;1.0;1.33;1.67;3.33;5.0;0.67;0.67;1.67;1.33;0.0;2.67;0.67;4.67;0.0;0.0;105.12;0.02;54.33
Taze Moore;9.93;1.0;5.0;0.5;2.0;0.5;1.0;2.0;2.0;4.0;0.5;1.0;1.0;0.0;0.5;0.0;0.5;3.0;0.0;0.0;108.5;0.12;23.0
Terance Mann;21.04;2.43;5.57;0.7;2.04;0.7;1.04;1.04;2.04;3.09;1.74;0.57;0.96;0.22;0.7;2.04;1.0;6.26;0.0;0.0;99.15;0.06;43.43
Terrence Shannon Jr.;4.33;0.57;1.29;0.14;0.43;0.0;0.0;0.0;0.14;0.14;0.57;0.43;0.29;0.14;0.14;0.0;0.0;1.29;0.0;0.0;111.21;0.07;9.86
Terry Rozier;28.6;4.3;10.6;1.95;5.35;1.55;1.75;0.65;3.0;3.65;3.1;1.55;0.55;0.4;0.45;1.45;1.75;12.1;0.0;0.0;97.42;0.08;58.4
Thomas Bryant;11.5;1.2;2.8;0.6;1.7;1.1;1.1;0.6;2.6;3.2;0.4;0.2;0.1;0.9;0.1;0.9;0.8;4.1;0.0;0.0;99.79;0.11;24.0
Tidjane Salaün;18.82;1.65;5.05;1.0;3.4;0.7;0.95;0.9;3.15;4.05;0.95;0.8;0.6;0.15;0.5;1.4;1.0;5.0;0.05;0.0;99.44;0.08;38.45
Tim Hardaway Jr.;27.63;3.18;7.82;1.82;5.18;1.59;1.77;0.14;1.77;1.91;1.55;0.64;0.27;0.0;0.09;1.23;2.32;9.77;0.0;0.0;98.07;0.06;56.64
Tobias Harris;32.54;5.29;11.79;1.54;4.5;1.96;2.33;1.04;5.83;6.88;2.38;1.29;0.83;0.88;0.79;2.0;1.75;14.08;0.08;0.0;98.49;0.11;66.58
Torrey Craig;11.1;1.83;3.67;1.17;3.0;0.33;0.33;0.5;1.67;2.17;0.5;0.0;0.17;0.17;0.0;1.67;0.17;5.17;0.0;0.0;103.32;0.01;23.67
Toumani Camara;29.99;3.33;7.96;1.54;4.17;0.75;1.08;2.08;2.92;5.0;2.08;1.58;1.42;0.33;0.46;2.88;2.33;8.96;0.0;0.0;99.93;0.05;62.21
Trae Young;35.98;6.48;16.88;2.6;8.44;5.4;6.04;0.6;3.32;3.92;12.16;4.56;1.32;0.12;0.92;2.04;4.88;20.96;0.72;0.0;105.73;0.12;79.16
Trayce Jackson-Davis;16.86;3.3;5.52;0.0;0.04;0.83;1.39;1.65;3.04;4.7;1.96;0.78;0.26;0.7;0.7;1.13;1.09;7.43;0.04;0.0;102.34;0.12;36.13
Tre Jones;17.5;1.25;3.75;0.38;1.5;1.25;1.75;0.62;1.75;2.38;3.25;0.62;0.62;0.25;0.12;1.5;1.88;4.12;0.0;0.0;103.92;0.08;38.0
Tre Mann;24.54;5.38;12.38;1.85;4.62;1.46;1.62;0.92;2.0;2.92;3.0;1.92;0.54;0.31;1.0;1.85;1.62;14.08;0.0;0.0;98.68;0.09;50.38
Trendon Watford;18.06;3.0;6.91;0.64;2.27;2.45;2.91;0.36;2.91;3.27;1.36;1.45;0.45;0.36;1.0;2.73;2.82;9.09;0.0;0.0;98.14;0.08;37.27
Trentyn Flowers;14.35;4.0;9.0;0.0;2.0;1.0;1.0;1.0;3.0;4.0;0.0;1.0;0.0;0.0;0.0;3.0;1.0;9.0;0.0;0.0;105.37;0.09;32.0
Trevelin Queen;2.51;0.5;1.5;0.5;0.5;0.0;0.0;0.0;0.0;0.0;0.0;0.5;0.0;0.0;0.0;0.5;0.0;1.5;0.0;0.0;116.1;-0.02;6.0
Trey Alexander;4.92;0.33;1.33;0.11;0.67;0.22;0.22;0.0;0.11;0.11;0.22;0.11;0.0;0.11;0.0;0.33;0.22;1.0;0.0;0.0;104.59;-0.11;11.11
Trey Jemison III;10.63;1.0;2.07;0.0;0.0;0.43;1.07;1.21;1.5;2.71;0.57;0.71;0.43;0.43;0.43;1.71;0.57;2.43;0.0;0.0;97.56;0.12;22.0
Trey Lyles;19.62;1.83;5.06;1.22;3.67;0.56;0.78;0.83;3.11;3.94;0.94;0.56;0.56;0.61;0.06;1.39;1.06;5.44;0.06;0.0;98.79;0.05;40.0
Trey Murphy III;33.18;6.17;14.58;2.75;8.08;2.92;3.33;0.83;3.75;4.58;2.5;1.58;1.17;0.67;0.17;2.25;2.58;18.0;0.0;0.0;102.66;0.09;71.08
Tristan Thompson;7.22;1.62;2.38;0.0;0.12;0.0;0.75;0.38;1.75;2.12;0.5;0.5;0.0;0.25;0.12;0.75;0.5;3.25;0.0;0.0;102.92;0.07;14.62
Tristan da Silva;22.75;2.65;6.52;1.09;3.3;0.74;1.04;0.91;2.7;3.61;1.43;0.65;0.35;0.17;0.3;1.43;1.13;7.13;0.0;0.0;98.58;0.05;46.61
Tristen Newton;1.62;0.2;1.2;0.0;0.6;0.2;0.2;0.0;0.0;0.0;0.2;0.2;0.0;0.0;0.0;0.4;0.2;0.6;0.0;0.0;136.51;-0.02;4.8
Ty Jerome;18.37;4.08;7.42;1.38;2.92;1.71;1.88;0.58;1.5;2.08;3.46;1.21;1.21;0.04;0.33;1.62;1.67;11.25;0.0;0.0;102.21;0.13;39.08
TyTy Washington Jr.;8.9;1.0;2.0;0.67;1.0;0.0;0.0;0.0;0.33;0.33;1.33;0.33;0.67;0.0;0.0;0.0;0.33;2.67;0.0;0.0;107.36;0.1;18.33
Tyler Herro;34.75;8.32;17.45;4.18;9.91;3.41;3.91;0.32;5.05;5.36;5.05;2.5;0.77;0.09;1.05;1.73;2.64;24.23;0.09;0.0;98.52;0.14;71.36
Tyler Kolek;6.86;1.0;2.31;0.62;1.38;0.25;0.25;0.12;0.62;0.75;0.69;0.44;0.38;0.06;0.06;0.56;0.31;2.88;0.0;0.0;102.61;0.06;15.12
Tyler Smith;3.44;0.8;1.3;0.3;0.8;0.1;0.2;0.1;0.7;0.8;0.1;0.3;0.0;0.3;0.0;0.4;0.2;2.0;0.0;0.0;117.01;0.14;8.1
Tyrese Haliburton;35.36;6.0;14.28;2.84;8.44;2.64;3.12;0.72;2.64;3.36;8.4;1.96;1.28;0.6;0.36;1.64;2.44;17.48;0.32;0.0;100.89;0.11;74.8
Tyrese Martin;14.71;2.44;4.89;1.89;3.67;0.44;0.56;0.44;1.78;2.22;1.11;0.44;0.33;0.22;0.22;1.33;0.44;7.22;0.0;0.0;100.14;0.23;30.89
Tyrese Maxey;36.68;8.62;21.25;2.75;9.38;4.31;5.06;0.19;3.44;3.62;5.19;1.94;2.0;0.31;1.44;2.56;4.06;24.31;0.12;0.06;97.16;0.12;74.81
Tyus Jones;32.24;4.65;9.87;2.26;5.48;0.65;0.78;0.61;1.96;2.57;6.83;1.04;1.17;0.09;0.39;1.0;1.17;12.22;0.13;0.0;100.06;0.11;67.39
Ulrich Chomche;4.5;1.0;1.0;0.0;0.0;0.0;0.0;0.0;1.0;1.0;0.0;0.0;0.0;0.0;0.0;0.0;0.0;2.0;0.0;0.0;101.33;0.15;10.0
Vasilije Micić;21.8;2.92;7.92;1.31;3.31;0.54;0.77;0.77;2.08;2.85;3.85;2.0;0.54;0.0;1.0;1.23;1.15;7.69;0.08;0.0;95.4;0.05;43.08
Victor Wembanyama;32.15;8.68;18.11;3.11;9.11;3.11;3.58;2.11;8.26;10.37;3.63;3.58;1.21;3.37;0.53;2.11;5.05;23.58;0.47;0.05;100.44;0.17;67.42
Vince Williams Jr.;14.94;2.33;6.33;0.33;2.67;0.33;1.33;1.33;2.33;3.67;3.0;2.33;0.0;0.67;0.33;3.0;2.67;5.33;0.0;0.0;115.75;0.01;35.67
Vlatko Čančar;8.62;1.0;1.75;0.25;0.5;0.0;0.0;0.75;1.25;2.0;0.0;0.5;0.0;0.25;0.25;1.0;0.0;2.25;0.0;0.0;103.76;-0.2;19.25
Vít Krejčí;11.69;1.0;2.92;0.33;1.42;0.42;0.75;0.58;1.25;1.83;1.42;0.58;0.33;0.25;0.33;1.58;0.67;2.75;0.0;0.0;105.79;0.01;25.17
Walker Kessler;29.11;4.65;6.35;0.0;0.0;1.59;2.65;4.0;7.06;11.06;1.41;1.47;0.47;3.0;0.71;2.18;2.47;10.88;0.59;0.0;100.03;0.13;60.35
Wendell Carter Jr.;25.88;2.57;5.14;0.36;2.07;2.07;2.71;1.93;5.86;7.79;2.36;0.93;0.93;0.57;0.21;2.93;2.64;7.57;0.07;0.0;98.71;0.11;53.07
Wendell Moore Jr.;14.92;1.73;3.18;0.27;0.82;1.0;1.09;0.82;2.45;3.27;1.09;0.73;0.64;0.27;0.27;1.09;0.73;4.73;0.0;0.0;100.41;0.1;30.82
Xavier Tillman;9.37;0.47;1.8;0.2;1.0;0.07;0.13;0.47;1.67;2.13;0.4;0.33;0.27;0.2;0.2;0.8;0.13;1.2;0.0;0.0;110.54;0.02;19.47
Yuki Kawamura;3.06;0.31;1.15;0.15;0.85;0.31;0.46;0.0;0.15;0.15;0.54;0.31;0.08;0.0;0.0;0.31;0.23;1.08;0.0;0.0;106.93;-0.04;6.77
Yves Missi;25.13;3.67;6.75;0.0;0.0;2.0;3.08;3.75;4.42;8.17;1.21;1.12;0.71;1.25;0.96;1.92;2.46;9.33;0.25;0.0;99.53;0.09;52.29
Zaccharie Risacher;23.95;4.12;10.31;1.23;4.46;1.73;2.54;1.15;2.31;3.46;1.23;1.12;0.85;0.73;0.77;2.08;1.81;11.19;0.0;0.0;105.26;0.06;52.27
Zach Collins;14.22;2.08;4.38;0.5;1.5;1.17;1.33;1.17;2.17;3.33;1.75;0.88;0.46;0.5;0.42;2.21;1.25;5.83;0.0;0.0;100.37;0.07;29.71
Zach Edey;20.09;4.57;7.5;0.43;0.71;1.57;2.36;3.07;3.86;6.93;0.79;1.64;0.86;1.0;0.64;3.14;2.21;11.14;0.14;0.0;104.28;0.11;43.43
Zach LaVine;33.33;8.05;15.91;3.32;7.68;2.73;3.41;0.23;4.18;4.41;4.23;2.82;0.77;0.27;0.55;1.82;2.77;22.14;0.05;0.0;104.67;0.11;72.55
Zeke Nnaji;4.91;0.6;1.47;0.0;0.53;0.07;0.33;0.13;0.33;0.47;0.2;0.07;0.07;0.13;0.2;0.4;0.53;1.27;0.0;0.0;104.55;0.08;10.8
Ziaire Williams;21.84;3.05;7.57;0.86;3.14;1.67;2.1;1.05;3.33;4.38;1.14;0.9;0.95;0.33;0.86;2.67;2.0;8.62;0.05;0.0;97.28;0.06;44.05
Zion Williamson;31.06;7.83;17.33;0.33;1.0;6.67;10.0;2.67;5.33;8.0;5.33;3.67;0.67;1.17;3.17;3.0;6.67;22.67;0.5;0.0;99.17;0.11;64.17
